Concurso;Data_concurso;Dezena_01;Dezena_02;Dezena_03;Dezena_04;Dezena_05;Dezena_06;Dezena_07;Mês
0001;19/05/2018;03;05;08;09;19;21;30;2;
0002;22/05/2018;08;11;12;14;20;21;28;12;
0003;24/05/2018;11;12;21;24;25;28;29;4;
0004;26/05/2018;06;07;13;15;18;19;29;1;
0005;29/05/2018;02;08;09;17;19;24;28;12;
0006;02/06/2018;01;11;18;19;26;30;31;2;
0007;05/06/2018;02;05;06;14;20;24;25;1;
0008;07/06/2018;01;04;13;21;22;24;27;9;
0009;09/06/2018;03;10;13;18;19;23;24;8;
0010;12/06/2018;06;10;13;18;19;20;30;8;
0011;14/06/2018;07;13;16;19;20;27;31;9;
0012;16/06/2018;02;03;07;12;17;21;22;9;
0013;19/06/2018;01;04;07;09;20;21;26;4;
0014;21/06/2018;01;08;16;20;21;26;31;11;
0015;23/06/2018;08;11;13;16;26;28;29;11;
0016;26/06/2018;01;02;07;12;16;20;25;10;
0017;28/06/2018;09;11;13;14;19;20;22;6;
0018;30/06/2018;04;07;08;14;21;27;31;6;
0019;03/07/2018;03;04;09;12;14;28;29;10;
0020;05/07/2018;06;12;17;21;26;29;31;10;
0021;07/07/2018;02;08;10;11;12;18;31;3;
0022;10/07/2018;02;04;05;12;18;22;27;7;
0023;12/07/2018;09;10;17;19;25;27;28;5;
0024;14/07/2018;07;08;12;15;16;18;30;10;
0025;17/07/2018;01;10;13;17;21;25;29;7;
0026;19/07/2018;02;08;10;11;16;20;28;8;
0027;21/07/2018;06;12;15;17;20;23;28;2;
0028;24/07/2018;02;09;12;15;18;20;24;11;
0029;26/07/2018;03;05;13;21;22;24;27;2;
0030;28/07/2018;04;08;09;17;20;27;30;11;
0031;31/07/2018;04;06;07;09;11;24;28;6;
0032;02/08/2018;03;04;07;16;18;20;27;3;
0033;04/08/2018;03;10;12;13;23;28;31;9;
0034;07/08/2018;06;12;15;18;23;27;29;12;
0035;09/08/2018;03;07;11;12;17;22;23;11;
0036;11/08/2018;02;07;11;12;13;16;27;6;
0037;14/08/2018;02;07;12;16;18;22;23;1;
0038;16/08/2018;08;15;17;18;26;29;30;7;
0039;18/08/2018;04;05;06;09;13;25;30;3;
0040;21/08/2018;02;10;12;14;19;21;27;9;
0041;23/08/2018;07;12;23;25;27;30;31;12;
0042;25/08/2018;06;11;14;16;17;29;31;6;
0043;28/08/2018;04;07;17;18;27;28;31;4;
0044;30/08/2018;07;09;15;23;26;30;31;6;
0045;01/09/2018;02;05;07;12;15;29;30;9;
0046;04/09/2018;01;04;05;08;10;16;30;8;
0047;06/09/2018;05;07;13;15;16;20;22;9;
0048;08/09/2018;06;08;10;17;23;29;31;4;
0049;11/09/2018;04;11;16;17;20;23;31;1;
0050;13/09/2018;14;16;17;18;22;23;31;9;
0051;15/09/2018;02;08;10;14;16;24;28;9;
0052;18/09/2018;07;12;14;20;22;24;26;9;
0053;20/09/2018;03;07;16;18;19;25;30;4;
0054;22/09/2018;04;11;18;21;24;25;27;8;
0055;25/09/2018;01;08;16;18;22;25;28;10;
0056;27/09/2018;09;10;15;16;17;23;31;12;
0057;29/09/2018;03;05;10;12;18;26;28;10;
0058;02/10/2018;11;12;13;24;25;29;30;8;
0059;04/10/2018;03;04;05;08;10;24;25;10;
0060;06/10/2018;01;06;07;08;17;18;22;10;
0061;09/10/2018;05;08;10;13;19;25;28;4;
0062;11/10/2018;07;11;13;18;23;28;30;12;
0063;13/10/2018;02;03;06;09;27;28;29;8;
0064;16/10/2018;05;06;08;17;18;20;27;1;
0065;18/10/2018;07;20;21;27;28;30;31;2;
0066;20/10/2018;04;06;10;11;12;17;24;9;
0067;23/10/2018;01;04;08;14;19;22;26;10;
0068;25/10/2018;01;04;06;14;20;21;27;1;
0069;27/10/2018;01;03;05;06;08;26;29;7;
0070;30/10/2018;02;04;05;09;11;28;29;12;
0071;01/11/2018;04;06;07;08;24;27;31;9;
0072;03/11/2018;01;02;06;08;09;18;21;4;
0073;06/11/2018;08;09;10;11;14;18;23;8;
0074;08/11/2018;06;12;15;17;20;23;29;6;
0075;10/11/2018;02;03;06;14;28;30;31;1;
0076;13/11/2018;10;15;16;21;25;26;29;10;
0077;17/11/2018;06;07;11;12;14;19;21;9;
0078;20/11/2018;04;06;08;13;14;19;23;10;
0079;22/11/2018;01;08;10;12;15;21;28;9;
0080;24/11/2018;02;03;04;10;18;19;28;6;
0081;27/11/2018;06;10;12;25;26;27;29;2;
0082;29/11/2018;02;09;10;13;16;17;22;4;
0083;01/12/2018;02;09;10;13;15;21;26;5;
0084;04/12/2018;07;10;15;16;18;19;24;5;
0085;06/12/2018;03;07;21;22;23;26;31;6;
0086;08/12/2018;03;06;08;09;11;19;26;2;
0087;11/12/2018;07;09;10;15;18;21;22;1;
0088;13/12/2018;03;04;17;18;19;23;27;5;
0089;15/12/2018;03;06;16;18;19;24;31;7;
0090;18/12/2018;01;05;06;08;12;23;26;5;
0091;20/12/2018;08;10;15;16;23;28;29;4;
0092;22/12/2018;05;07;08;09;15;26;29;12;
0093;27/12/2018;01;08;09;16;21;23;30;8;
0094;29/12/2018;07;10;13;15;19;23;26;9;
0095;03/01/2019;05;07;08;18;20;23;28;7;
0096;05/01/2019;03;04;09;15;17;28;29;5;
0097;08/01/2019;01;10;12;22;23;25;28;11;
0098;10/01/2019;01;03;07;12;26;27;28;9;
0099;12/01/2019;04;14;20;27;28;29;30;3;
0100;15/01/2019;03;04;08;15;16;20;21;5;
0101;17/01/2019;04;05;09;13;19;20;29;12;
0102;19/01/2019;04;07;10;19;22;26;28;5;
0103;22/01/2019;04;05;19;23;25;26;31;1;
0104;24/01/2019;03;13;20;25;26;27;30;12;
0105;26/01/2019;03;07;08;12;21;24;29;8;
0106;29/01/2019;05;08;17;20;25;26;28;12;
0107;31/01/2019;04;07;13;15;18;20;23;6;
0108;02/02/2019;02;06;15;17;22;24;25;11;
0109;05/02/2019;03;18;20;23;24;26;28;7;
0110;07/02/2019;04;08;10;11;14;18;26;3;
0111;09/02/2019;01;06;08;14;17;21;26;2;
0112;12/02/2019;11;13;18;21;24;25;26;12;
0113;14/02/2019;06;09;10;12;17;27;30;5;
0114;16/02/2019;07;08;09;23;26;29;31;11;
0115;19/02/2019;07;08;13;16;18;21;22;2;
0116;21/02/2019;02;05;12;16;18;24;30;3;
0117;23/02/2019;05;07;09;16;18;20;27;10;
0118;26/02/2019;02;05;07;09;15;22;30;10;
0119;28/02/2019;02;03;06;12;24;25;28;11;
0120;02/03/2019;02;08;16;21;22;27;28;2;
0121;07/03/2019;03;09;10;12;14;19;24;7;
0122;09/03/2019;12;13;14;15;16;23;31;4;
0123;12/03/2019;06;11;16;18;19;21;23;8;
0124;14/03/2019;12;15;20;21;22;24;27;11;
0125;16/03/2019;01;08;12;13;17;26;30;12;
0126;19/03/2019;09;11;14;18;24;27;29;8;
0127;21/03/2019;01;05;07;09;17;21;22;5;
0128;23/03/2019;02;07;08;15;19;20;22;5;
0129;26/03/2019;06;12;13;15;16;28;29;10;
0130;28/03/2019;05;08;10;20;23;25;28;1;
0131;30/03/2019;04;05;11;22;26;27;30;3;
0132;02/04/2019;03;11;14;18;19;23;26;10;
0133;04/04/2019;01;04;08;10;20;22;31;3;
0134;06/04/2019;01;02;08;10;14;16;18;5;
0135;09/04/2019;02;05;06;11;25;27;28;1;
0136;11/04/2019;17;19;20;21;23;27;30;3;
0137;13/04/2019;03;05;06;08;16;19;28;12;
0138;16/04/2019;09;13;15;17;21;27;29;6;
0139;18/04/2019;03;04;11;13;18;19;22;7;
0140;20/04/2019;05;08;09;12;14;17;22;3;
0141;23/04/2019;02;07;09;15;23;25;30;7;
0142;25/04/2019;06;11;18;21;23;29;30;6;
0143;27/04/2019;05;10;11;15;22;29;31;1;
0144;30/04/2019;02;04;07;08;13;15;27;11;
0145;02/05/2019;02;03;06;10;11;13;15;12;
0146;04/05/2019;01;08;09;17;18;19;23;3;
0147;07/05/2019;02;03;06;08;09;22;27;1;
0148;09/05/2019;07;09;11;18;21;22;29;9;
0149;11/05/2019;03;16;20;21;25;26;30;8;
0150;14/05/2019;01;02;07;16;17;26;29;8;
0151;16/05/2019;03;11;13;17;22;29;31;11;
0152;18/05/2019;01;03;05;10;14;25;31;7;
0153;21/05/2019;02;13;21;23;25;29;30;6;
0154;23/05/2019;03;05;09;14;21;29;30;12;
0155;25/05/2019;03;13;15;16;25;27;28;5;
0156;28/05/2019;01;03;07;15;16;29;31;4;
0157;30/05/2019;02;10;17;18;20;25;29;12;
0158;01/06/2019;07;14;20;23;27;28;29;3;
0159;04/06/2019;01;10;14;17;23;28;31;10;
0160;06/06/2019;04;08;09;12;13;25;30;11;
0161;08/06/2019;02;03;05;14;15;20;25;12;
0162;11/06/2019;06;10;11;14;20;24;25;7;
0163;13/06/2019;07;10;16;18;24;25;27;12;
0164;15/06/2019;07;10;12;13;17;21;22;9;
0165;18/06/2019;04;05;07;08;11;19;24;2;
0166;22/06/2019;06;07;11;19;22;23;25;9;
0167;25/06/2019;10;11;12;13;15;20;26;8;
0168;27/06/2019;01;03;04;20;23;25;26;3;
0169;29/06/2019;09;11;14;18;24;26;29;10;
0170;02/07/2019;01;09;10;11;15;20;21;6;
0171;04/07/2019;03;07;11;18;20;23;29;12;
0172;06/07/2019;03;06;10;21;25;27;30;10;
0173;09/07/2019;02;07;11;13;25;27;28;4;
0174;11/07/2019;03;05;06;07;17;19;25;2;
0175;13/07/2019;04;06;07;17;21;26;31;12;
0176;16/07/2019;03;04;06;09;10;18;29;6;
0177;18/07/2019;03;11;17;18;24;25;28;10;
0178;20/07/2019;02;03;04;09;12;23;24;9;
0179;23/07/2019;03;04;05;11;21;24;30;10;
0180;25/07/2019;05;13;20;21;23;25;30;11;
0181;27/07/2019;06;08;10;15;17;26;28;8;
0182;30/07/2019;02;03;07;15;22;26;31;10;
0183;01/08/2019;05;07;16;17;21;24;27;11;
0184;03/08/2019;06;09;10;14;16;17;22;8;
0185;06/08/2019;07;11;18;21;24;28;29;6;
0186;08/08/2019;06;15;17;22;23;26;27;9;
0187;10/08/2019;01;03;06;15;17;23;26;10;
0188;13/08/2019;08;12;21;23;24;26;28;5;
0189;15/08/2019;02;07;13;16;18;20;29;11;
0190;17/08/2019;03;04;05;06;14;16;27;7;
0191;20/08/2019;03;04;11;24;26;28;29;10;
0192;22/08/2019;04;11;14;15;18;28;31;12;
0193;24/08/2019;12;13;16;25;28;30;31;7;
0194;27/08/2019;03;04;07;09;15;21;23;1;
0195;29/08/2019;02;03;05;14;15;22;23;2;
0196;31/08/2019;04;13;14;22;26;29;30;8;
0197;03/09/2019;01;02;04;11;17;18;28;4;
0198;05/09/2019;01;02;09;10;16;23;28;1;
0199;10/09/2019;02;15;20;21;22;23;24;7;
0200;12/09/2019;10;12;13;17;21;23;27;2;
0201;14/09/2019;02;07;09;13;14;16;29;6;
0202;17/09/2019;05;06;07;11;21;26;29;9;
0203;19/09/2019;02;03;07;10;15;17;20;12;
0204;21/09/2019;02;11;20;21;27;28;31;6;
0205;24/09/2019;05;06;09;17;19;20;23;5;
0206;26/09/2019;13;16;21;23;24;27;28;12;
0207;28/09/2019;01;05;08;10;12;25;28;7;
0208;01/10/2019;02;04;17;21;28;29;31;Outubro;
0209;03/10/2019;05;07;14;17;19;23;29;Agosto;
0210;05/10/2019;07;10;18;19;20;23;27;Dezembro;
0211;08/10/2019;01;05;13;24;26;27;29;Maio;
0212;10/10/2019;05;11;14;17;18;26;30;Outubro;
0213;15/10/2019;06;09;10;18;21;24;26;Setembro;
0214;17/10/2019;02;09;11;13;21;28;29;Maio;
0215;19/10/2019;04;07;11;13;15;18;25;Junho;
0216;22/10/2019;05;08;09;14;25;28;30;Agosto;
0217;24/10/2019;02;06;16;17;18;20;26;Setembro;
0218;26/10/2019;02;03;11;12;17;18;21;Setembro;
0219;29/10/2019;03;06;10;16;17;25;28;Março;
0220;31/10/2019;02;04;09;17;19;25;31;Fevereiro;
0221;05/11/2019;03;06;07;09;15;27;31;Dezembro;
0222;07/11/2019;03;12;13;16;18;19;27;Abril;
0223;09/11/2019;03;04;10;11;14;19;28;Dezembro;
0224;12/11/2019;01;06;08;14;17;19;23;Março;
0225;14/11/2019;01;07;12;14;22;24;26;Abril;
0226;16/11/2019;01;04;08;12;22;24;28;Fevereiro;
0227;19/11/2019;02;11;12;15;17;20;25;Junho;
0228;21/11/2019;04;10;14;18;21;22;23;Dezembro;
0229;23/11/2019;09;13;15;21;25;27;30;Junho;
0230;26/11/2019;05;08;12;18;24;27;29;Maio;
0231;28/11/2019;04;10;12;13;14;24;26;Fevereiro;
0232;30/11/2019;04;05;06;12;15;16;26;Novembro;
0233;03/12/2019;03;06;07;16;22;23;28;Dezembro;
0234;05/12/2019;04;05;13;17;23;24;29;Dezembro;
0235;07/12/2019;13;17;18;19;22;27;29;Agosto;
0236;10/12/2019;04;05;06;09;11;19;23;Abril;
0237;12/12/2019;03;06;14;18;19;29;31;Agosto;
0238;14/12/2019;01;02;10;19;24;26;28;Agosto;
0239;17/12/2019;05;13;15;23;27;29;30;Agosto;
0240;19/12/2019;01;04;08;13;19;22;25;Outubro;
0241;21/12/2019;03;05;06;12;20;23;31;Julho;
0242;24/12/2019;02;03;05;09;16;19;25;Fevereiro;
0243;26/12/2019;02;04;08;13;14;17;22;Fevereiro;
0244;28/12/2019;01;06;12;13;15;16;29;Dezembro;
0245;30/12/2019;01;05;07;14;21;30;31;Maio;
0246;02/01/2020;09;10;14;16;18;19;24;Maio;
0247;04/01/2020;02;09;10;12;17;25;28;Agosto;
0248;07/01/2020;02;05;14;16;17;18;22;Junho;
0249;09/01/2020;03;08;12;20;21;27;29;Setembro;
0250;11/01/2020;01;05;10;14;15;29;30;Dezembro;
0251;14/01/2020;05;11;14;18;20;27;31;Março;
0252;16/01/2020;04;09;12;19;25;28;31;Dezembro;
0253;18/01/2020;04;12;14;19;23;28;29;Abril;
0254;21/01/2020;18;20;21;22;25;27;31;Fevereiro;
0255;23/01/2020;03;11;23;24;25;28;30;Julho;
0256;25/01/2020;01;05;12;16;27;30;31;Dezembro;
0257;28/01/2020;05;12;17;19;21;24;28;Maio;
0258;30/01/2020;01;02;03;09;13;24;30;Julho;
0259;01/02/2020;06;09;10;13;21;26;29;Setembro;
0260;04/02/2020;05;08;10;12;18;24;31;Junho;
0261;06/02/2020;05;08;09;18;23;26;31;Abril;
0262;08/02/2020;04;05;17;18;20;27;28;Junho;
0263;11/02/2020;09;18;19;21;23;27;30;Dezembro;
0264;13/02/2020;13;15;22;23;25;30;31;Dezembro;
0265;15/02/2020;02;03;14;16;17;20;27;Novembro;
0266;18/02/2020;01;03;10;14;17;30;31;Dezembro;
0267;20/02/2020;01;02;06;09;13;20;30;Outubro;
0268;22/02/2020;02;03;14;16;17;21;29;Março;
0269;26/02/2020;01;04;06;09;26;27;31;Junho;
0270;27/02/2020;01;02;03;04;24;27;28;Março;
0271;29/02/2020;07;15;17;20;21;24;29;Julho;
0272;03/03/2020;03;05;06;10;12;16;21;Fevereiro;
0273;05/03/2020;03;11;12;19;20;26;28;Novembro;
0274;07/03/2020;02;03;04;06;08;10;30;Março;
0275;10/03/2020;07;10;12;14;24;27;28;Novembro;
0276;12/03/2020;04;05;15;16;18;27;30;Agosto;
0277;14/03/2020;02;03;10;13;21;22;31;Agosto;
0278;17/03/2020;05;08;13;21;22;24;26;Setembro;
0279;19/03/2020;03;07;10;13;24;25;28;Novembro;
0280;21/03/2020;02;03;10;13;17;24;28;Junho;
0281;24/03/2020;05;07;09;14;24;26;31;Maio;
0282;26/03/2020;07;08;16;22;23;25;31;Novembro;
0283;28/03/2020;02;08;17;20;21;22;24;Maio;
0284;31/03/2020;01;03;04;05;18;22;25;Agosto;
0285;02/04/2020;10;15;17;18;21;22;23;Agosto;
0286;04/04/2020;04;05;19;23;28;29;30;Fevereiro;
0287;07/04/2020;10;14;15;16;18;24;30;Outubro;
0288;09/04/2020;07;11;16;21;23;28;30;Janeiro;
0289;11/04/2020;02;04;14;17;19;21;30;Fevereiro;
0290;14/04/2020;05;12;13;18;21;23;29;Fevereiro;
0291;16/04/2020;02;03;05;07;10;17;20;Novembro;
0292;18/04/2020;01;04;05;19;22;23;24;Novembro;
0293;20/04/2020;03;07;13;20;25;27;28;Novembro;
0294;23/04/2020;04;05;10;12;14;19;24;Outubro;
0295;25/04/2020;01;04;05;09;10;22;30;Maio;
0296;28/04/2020;04;06;13;18;21;22;27;Março;
0297;30/04/2020;10;13;14;15;20;23;29;Abril;
0298;02/05/2020;03;04;08;09;16;24;31;Janeiro;
0299;05/05/2020;03;14;15;17;20;21;22;Abril;
0300;07/05/2020;10;15;16;17;24;25;31;Novembro;
0301;09/05/2020;11;18;22;27;28;29;30;Novembro;
0302;12/05/2020;01;04;07;10;15;25;31;Janeiro;
0303;14/05/2020;05;13;15;16;18;25;30;Abril;
0304;16/05/2020;01;02;16;23;24;25;30;Janeiro;
0305;19/05/2020;04;08;09;10;20;25;28;Agosto;
0306;21/05/2020;03;11;12;13;20;24;30;Fevereiro;
0307;23/05/2020;04;08;14;15;16;24;27;Janeiro;
0308;26/05/2020;10;11;16;20;21;23;28;Janeiro;
0309;28/05/2020;02;05;10;11;12;18;19;Junho;
0310;30/05/2020;06;07;09;10;13;14;21;Abril;
0311;02/06/2020;01;03;09;16;17;21;22;Abril;
0312;04/06/2020;02;09;15;22;24;29;30;Abril;
0313;06/06/2020;09;12;16;19;24;28;29;Outubro;
0314;09/06/2020;01;07;09;11;22;25;26;Novembro;
0315;12/06/2020;09;10;19;22;26;27;28;Julho;
0316;13/06/2020;01;10;13;14;16;22;30;Novembro;
0317;16/06/2020;05;07;08;14;15;22;28;Fevereiro;
0318;18/06/2020;06;11;14;16;18;28;30;Dezembro;
0319;20/06/2020;03;10;14;17;28;29;30;Dezembro;
0320;23/06/2020;04;09;12;13;15;26;27;Novembro;
0321;25/06/2020;07;13;21;22;26;29;31;Janeiro;
0322;27/06/2020;04;09;12;19;20;26;28;Abril;
0323;30/06/2020;01;09;24;25;27;29;30;Agosto;
0324;02/07/2020;03;06;14;18;24;27;30;Maio;
0325;04/07/2020;07;08;19;20;21;24;26;Julho;
0326;07/07/2020;01;10;15;16;22;24;29;Agosto;
0327;09/07/2020;04;09;13;15;21;23;25;Setembro;
0328;11/07/2020;11;14;17;20;23;25;27;Dezembro;
0329;14/07/2020;02;06;09;17;18;19;22;Março;
0330;16/07/2020;07;10;11;17;23;24;29;Março;
0331;18/07/2020;07;08;23;26;29;30;31;Fevereiro;
0332;21/07/2020;06;08;09;14;15;18;25;Agosto;
0333;23/07/2020;05;10;13;16;18;20;22;Agosto;
0334;25/07/2020;03;05;12;14;19;24;28;Outubro;
0335;28/07/2020;01;03;05;10;13;14;26;Abril;
0336;30/07/2020;04;08;11;13;23;26;28;Abril;
0337;01/08/2020;01;06;07;20;21;27;30;Abril;
0338;04/08/2020;03;08;10;11;14;23;24;Junho;
0339;06/08/2020;01;05;09;10;23;24;25;Janeiro;
0340;08/08/2020;04;07;16;17;20;27;28;Junho;
0341;11/08/2020;01;05;08;10;11;13;27;Agosto;
0342;13/08/2020;02;07;08;11;12;20;30;Fevereiro;
0343;15/08/2020;01;07;11;25;26;29;31;Março;
0344;18/08/2020;01;02;17;23;24;25;31;Abril;
0345;20/08/2020;05;07;08;13;22;26;30;Maio;
0346;22/08/2020;14;15;17;21;24;25;31;Abril;
0347;25/08/2020;06;08;19;20;22;23;29;Setembro;
0348;27/08/2020;02;10;18;19;24;26;27;Janeiro;
0349;29/08/2020;02;10;17;25;26;28;29;Outubro;
0350;01/09/2020;07;16;20;23;24;25;26;Novembro;
0351;03/09/2020;04;08;09;11;18;19;26;Junho;
0352;05/09/2020;05;11;12;15;18;22;26;Agosto;
0353;08/09/2020;09;16;20;22;24;28;30;Julho;
0354;10/09/2020;06;08;20;21;24;28;29;Dezembro;
0355;12/09/2020;04;12;13;16;19;22;31;Julho;
0356;15/09/2020;01;02;10;15;22;23;28;Março;
0357;17/09/2020;03;04;06;11;23;24;26;Setembro;
0358;19/09/2020;03;04;05;15;25;27;29;Fevereiro;
0359;22/09/2020;06;09;14;20;21;22;25;Dezembro;
0360;24/09/2020;10;11;13;19;25;27;30;Outubro;
0361;26/09/2020;01;04;05;12;14;22;27;Julho;
0362;29/09/2020;03;07;10;19;29;30;31;Maio;
0363;01/10/2020;02;11;12;13;14;18;30;Outubro;
0364;03/10/2020;03;06;07;12;15;23;28;Janeiro;
0365;06/10/2020;06;11;14;15;17;19;21;Janeiro;
0366;08/10/2020;17;19;23;25;26;29;31;Novembro;
0367;10/10/2020;06;15;17;22;23;26;29;Março;
0368;13/10/2020;12;20;21;22;24;26;28;Junho;
0369;15/10/2020;10;15;16;17;19;21;30;Outubro;
0370;17/10/2020;04;06;11;15;19;21;22;Agosto;
0371;20/10/2020;03;11;12;16;24;29;31;Setembro;
0372;22/10/2020;02;04;19;20;23;26;27;Dezembro;
0373;24/10/2020;05;10;21;25;26;29;31;Abril;
0374;27/10/2020;03;08;09;20;21;23;27;Março;
0375;29/10/2020;04;08;09;13;20;23;30;Dezembro;
0376;31/10/2020;07;09;10;13;20;22;25;Março;
0377;03/11/2020;01;11;12;13;17;29;31;Outubro;
0378;05/11/2020;11;13;18;21;23;25;27;Agosto;
0379;07/11/2020;03;07;14;21;24;26;27;Março;
0380;10/11/2020;05;15;17;22;26;28;31;Junho;
0381;12/11/2020;14;15;16;17;22;24;29;Dezembro;
0382;14/11/2020;10;13;17;20;22;26;28;Junho;
0383;17/11/2020;02;09;11;16;22;24;30;Março;
0384;19/11/2020;02;03;06;09;10;15;26;Maio;
0385;21/11/2020;04;06;07;14;15;22;31;Junho;
0386;24/11/2020;05;10;11;20;22;29;31;Setembro;
0387;26/11/2020;02;06;15;18;21;22;23;Julho;
0388;28/11/2020;02;04;07;09;15;22;26;Março;
0389;01/12/2020;05;16;23;25;27;28;29;Agosto;
0390;03/12/2020;01;12;17;25;26;28;29;Fevereiro;
0391;05/12/2020;05;07;10;11;13;17;23;Setembro;
0392;08/12/2020;03;04;10;18;22;24;28;Outubro;
0393;10/12/2020;06;13;19;21;23;27;28;Março;
0394;12/12/2020;01;02;05;08;15;24;25;Maio;
0395;15/12/2020;08;14;16;21;25;30;31;Agosto;
0396;17/12/2020;01;02;14;17;23;25;26;Agosto;
0397;19/12/2020;07;08;09;10;12;14;30;Abril;
0398;22/12/2020;02;03;07;10;20;30;31;Agosto;
0399;24/12/2020;02;07;15;19;20;23;24;Abril;
0400;29/12/2020;06;12;17;19;21;23;31;Novembro;
0401;31/12/2020;03;04;06;07;10;24;31;Setembro;
0402;05/01/2021;01;03;05;07;20;22;29;Março;
0403;07/01/2021;04;09;11;25;26;29;30;Abril;
0404;09/01/2021;01;02;09;14;16;25;29;Novembro;
0405;12/01/2021;04;05;07;11;13;18;30;Dezembro;
0406;14/01/2021;01;10;11;15;19;20;22;Agosto;
0407;16/01/2021;04;05;12;13;16;25;26;Fevereiro;
0408;19/01/2021;10;14;17;20;25;27;29;Outubro;
0409;21/01/2021;10;14;16;24;28;30;31;Janeiro;
0410;23/01/2021;06;12;14;16;18;27;31;Setembro;
0411;26/01/2021;03;04;08;11;19;26;27;Janeiro;
0412;28/01/2021;04;09;10;12;13;19;21;Janeiro;
0413;30/01/2021;03;06;09;12;16;21;22;Março;
0414;02/02/2021;02;11;17;20;28;30;31;Março;
0415;04/02/2021;04;08;10;14;20;27;29;Fevereiro;
0416;06/02/2021;03;08;11;13;23;24;30;Outubro;
0417;09/02/2021;03;08;11;17;19;21;26;Agosto;
0418;11/02/2021;07;09;20;23;25;27;31;Outubro;
0419;13/02/2021;02;03;10;13;17;24;31;Setembro;
0420;18/02/2021;01;05;09;10;14;16;25;Setembro;
0421;20/02/2021;06;09;11;14;19;22;25;Agosto;
0422;23/02/2021;06;07;19;24;27;28;31;Junho;
0423;25/02/2021;05;07;09;13;18;21;30;Novembro;
0424;27/02/2021;01;06;11;13;23;25;31;Novembro;
0425;02/03/2021;16;18;19;21;26;29;31;Junho;
0426;04/03/2021;01;04;14;17;23;24;27;Maio;
0427;06/03/2021;02;05;09;10;11;13;24;Julho;
0428;09/03/2021;04;06;07;15;17;20;21;Março;
0429;11/03/2021;08;15;17;19;23;27;31;Setembro;
0430;13/03/2021;02;17;19;20;24;28;31;Fevereiro;
0431;16/03/2021;14;20;23;24;26;27;31;Novembro;
0432;18/03/2021;05;09;12;15;24;27;28;Setembro;
0433;20/03/2021;01;06;07;19;25;27;31;Setembro;
0434;23/03/2021;07;12;14;22;24;30;31;Setembro;
0435;25/03/2021;07;08;14;21;23;26;30;Janeiro;
0436;27/03/2021;04;23;24;25;26;27;31;Setembro;
0437;30/03/2021;01;14;22;26;27;28;31;Fevereiro;
0438;01/04/2021;03;07;10;18;19;22;28;Julho;
0439;03/04/2021;01;06;14;19;23;27;28;Maio;
0440;06/04/2021;02;08;13;14;17;21;24;Maio;
0441;08/04/2021;01;09;14;19;28;29;30;Setembro;
0442;10/04/2021;05;12;15;18;24;26;30;Dezembro;
0443;13/04/2021;01;06;08;10;11;21;31;Abril;
0444;15/04/2021;02;05;06;10;22;26;31;Abril;
0445;17/04/2021;01;16;18;21;24;26;30;Junho;
0446;20/04/2021;03;05;06;11;16;21;27;Dezembro;
0447;22/04/2021;04;07;09;18;20;26;29;Abril;
0448;24/04/2021;04;05;06;15;20;25;29;Março;
0449;27/04/2021;04;06;07;16;22;23;29;Outubro;
0450;29/04/2021;10;15;19;24;26;27;29;Abril;
0451;04/05/2021;07;11;17;19;24;26;30;Março;
0452;06/05/2021;02;10;14;17;20;21;26;Fevereiro;
0453;08/05/2021;01;03;08;13;17;21;23;Outubro;
0454;11/05/2021;03;04;10;11;13;16;17;Julho;
0455;13/05/2021;09;12;13;14;21;24;29;Agosto;
0456;15/05/2021;02;12;18;19;21;22;30;Março;
0457;18/05/2021;04;08;12;14;15;22;29;Janeiro;
0458;20/05/2021;09;10;14;15;22;27;28;Setembro;
0459;22/05/2021;01;08;10;13;16;27;29;Fevereiro;
0460;25/05/2021;07;17;18;20;21;28;31;Abril;
0461;27/05/2021;02;08;11;24;25;28;29;Janeiro;
0462;29/05/2021;01;05;06;10;19;21;26;Dezembro;
0463;01/06/2021;05;08;10;16;22;26;30;Julho;
0464;05/06/2021;07;10;11;15;21;25;31;Abril;
0465;08/06/2021;01;09;20;25;27;30;31;Abril;
0466;10/06/2021;02;05;08;13;15;20;25;Agosto;
0467;12/06/2021;05;06;09;21;22;25;29;Maio;
0468;15/06/2021;03;07;08;10;17;24;28;Abril;
0469;17/06/2021;05;06;07;08;11;14;26;Julho;
0470;19/06/2021;01;12;14;15;16;19;23;Outubro;
0471;22/06/2021;02;03;11;12;19;24;27;Novembro;
0472;24/06/2021;05;07;09;10;22;25;29;Março;
0473;26/06/2021;02;09;11;16;20;27;28;Julho;
0474;29/06/2021;06;08;09;12;14;17;19;Julho;
0475;01/07/2021;10;14;15;18;23;27;29;Agosto;
0476;03/07/2021;02;05;06;10;23;27;31;Outubro;
0477;06/07/2021;02;05;08;12;19;23;26;Março;
0478;08/07/2021;03;04;09;27;29;30;31;Junho;
0479;10/07/2021;01;05;12;13;15;20;23;Abril;
0480;13/07/2021;03;06;10;17;20;28;31;Setembro;
0481;15/07/2021;04;05;11;14;23;24;31;Junho;
0482;17/07/2021;01;08;18;23;25;29;30;Fevereiro;
0483;20/07/2021;02;09;11;12;16;23;29;Novembro;
0484;22/07/2021;01;04;09;14;20;25;26;Janeiro;
0485;24/07/2021;04;20;21;22;23;26;28;Novembro;
0486;27/07/2021;03;07;12;17;18;22;23;Setembro;
0487;29/07/2021;02;07;12;19;20;30;31;Junho;
0488;31/07/2021;01;04;09;14;15;25;29;Janeiro;
0489;03/08/2021;06;08;17;18;22;24;27;Julho;
0490;05/08/2021;06;07;15;21;24;27;31;Agosto;
0491;07/08/2021;02;03;07;12;23;26;30;Junho;
0492;10/08/2021;02;09;10;11;21;22;26;Novembro;
0493;12/08/2021;06;07;11;12;19;23;30;Novembro;
0494;14/08/2021;03;08;13;20;25;26;30;Janeiro;
0495;17/08/2021;04;05;11;15;19;22;30;Maio;
0496;19/08/2021;01;08;12;16;18;19;23;Junho;
0497;21/08/2021;07;08;11;18;19;27;31;Dezembro;
0498;24/08/2021;03;16;18;20;25;30;31;Novembro;
0499;26/08/2021;08;09;11;12;14;20;21;Maio;
0500;28/08/2021;02;07;09;15;22;24;27;Setembro;
0501;31/08/2021;03;13;18;20;23;24;30;Março;
0502;02/09/2021;01;05;08;18;26;27;31;Dezembro;
0503;04/09/2021;02;03;05;09;15;22;29;Junho;
0504;09/09/2021;02;09;10;11;21;30;31;Novembro;
0505;11/09/2021;02;03;07;08;12;14;29;Fevereiro;
0506;14/09/2021;04;06;16;20;26;27;29;Maio;
0507;16/09/2021;07;08;14;15;16;17;23;Outubro;
0508;18/09/2021;02;03;04;08;11;15;25;Fevereiro;
0509;21/09/2021;01;03;05;06;15;20;23;Maio;
0510;23/09/2021;05;06;16;17;21;27;31;Março;
0511;25/09/2021;07;08;09;17;19;28;29;Agosto;
0512;28/09/2021;04;05;10;12;13;21;23;Junho;
0513;30/09/2021;06;07;15;24;27;29;31;Junho;
0514;02/10/2021;01;02;05;08;15;17;18;Maio;
0515;05/10/2021;05;07;14;15;18;20;24;Março;
0516;07/10/2021;01;11;15;17;22;26;27;Abril;
0517;09/10/2021;10;11;21;22;27;29;30;Janeiro;
0518;14/10/2021;05;10;11;16;18;24;25;Novembro;
0519;16/10/2021;08;09;12;13;16;19;24;Novembro;
0520;19/10/2021;11;12;15;21;22;30;31;Julho;
0521;21/10/2021;09;13;16;17;22;24;27;Maio;
0522;23/10/2021;01;06;07;09;13;16;22;Julho;
0523;26/10/2021;03;05;10;15;17;19;23;Agosto;
0524;28/10/2021;04;07;14;17;19;21;29;Agosto;
0525;30/10/2021;12;16;17;20;21;22;29;Maio;
0526;04/11/2021;05;08;13;26;27;30;31;Dezembro;
0527;06/11/2021;02;09;12;18;24;30;31;Fevereiro;
0528;09/11/2021;04;05;09;13;17;18;31;Agosto;
0529;11/11/2021;08;10;13;16;24;27;29;Outubro;
0530;13/11/2021;03;11;13;23;26;27;30;Março;
0531;16/11/2021;04;11;15;18;23;26;31;Julho;
0532;18/11/2021;03;05;08;16;19;23;30;Abril;
0533;20/11/2021;02;03;04;09;13;20;25;Julho;
0534;23/11/2021;10;11;14;19;28;30;31;Abril;
0535;25/11/2021;02;04;10;11;14;28;30;Novembro;
0536;27/11/2021;03;05;08;10;12;22;27;Janeiro;
0537;30/11/2021;08;11;13;19;22;24;28;Agosto;
0538;02/12/2021;08;12;18;19;28;29;31;Dezembro;
0539;04/12/2021;07;12;14;16;23;26;27;Março;
0540;07/12/2021;07;09;10;13;18;21;25;Abril;
0541;09/12/2021;01;04;06;08;13;17;31;Janeiro;
0542;11/12/2021;03;06;10;13;15;17;29;Julho;
0543;14/12/2021;03;04;06;10;18;20;26;Junho;
0544;16/12/2021;02;08;09;11;17;24;28;Janeiro;
0545;18/12/2021;01;06;12;19;21;22;26;Março;
0546;21/12/2021;06;08;17;19;20;21;29;Maio;
0547;23/12/2021;02;04;17;18;19;25;31;Dezembro;
0548;28/12/2021;01;07;11;19;21;29;30;Abril;
0549;30/12/2021;04;06;08;14;16;23;24;Julho;
0550;04/01/2022;05;08;16;18;23;27;28;Abril;
0551;06/01/2022;01;04;06;08;12;24;30;Fevereiro;
0552;08/01/2022;06;13;14;21;23;27;29;Dezembro;
0553;11/01/2022;06;08;14;19;23;26;30;Fevereiro;
0554;13/01/2022;05;09;17;19;20;26;30;Junho;
0555;15/01/2022;04;12;15;17;22;24;25;Maio;
0556;18/01/2022;03;06;09;17;19;25;28;Agosto;
0557;20/01/2022;01;07;10;12;20;23;26;Setembro;
0558;22/01/2022;03;05;11;17;21;26;27;Janeiro;
0559;25/01/2022;09;11;17;18;22;25;30;Fevereiro;
0560;27/01/2022;12;14;17;19;27;29;30;Novembro;
0561;29/01/2022;01;04;16;18;19;21;30;Julho;
0562;01/02/2022;02;07;09;14;19;26;29;Junho;
0563;03/02/2022;05;10;11;18;27;28;30;Abril;
0564;05/02/2022;02;04;11;20;22;24;31;Dezembro;
0565;08/02/2022;01;02;11;13;19;21;24;Junho;
0566;10/02/2022;02;07;13;15;18;19;25;Fevereiro;
0567;12/02/2022;08;12;19;21;23;25;28;Fevereiro;
0568;15/02/2022;01;07;12;14;20;29;31;Outubro;
0569;17/02/2022;01;02;04;09;17;21;31;Abril;
0570;19/02/2022;09;18;20;21;23;24;29;Julho;
0571;22/02/2022;09;13;16;18;23;26;31;Janeiro;
0572;24/02/2022;03;07;10;12;14;27;30;Dezembro;
0573;26/02/2022;06;13;22;24;26;29;30;Julho;
0574;03/03/2022;11;14;22;23;24;26;29;Abril;
0575;05/03/2022;03;04;06;10;12;14;23;Abril;
0576;08/03/2022;02;03;06;08;16;25;26;Abril;
0577;10/03/2022;04;07;10;14;25;29;30;Fevereiro;
0578;12/03/2022;11;13;17;20;21;23;25;Junho;
0579;15/03/2022;01;04;06;08;17;22;25;Janeiro;
0580;17/03/2022;09;13;18;19;21;22;25;Maio;
0581;19/03/2022;02;08;09;11;16;25;29;Novembro;
0582;22/03/2022;09;10;17;20;21;22;26;Maio;
0583;24/03/2022;03;06;10;15;21;25;29;Novembro;
0584;26/03/2022;03;10;22;24;26;30;31;Janeiro;
0585;29/03/2022;01;02;07;12;14;17;29;Abril;
0586;31/03/2022;01;09;11;22;25;28;31;Fevereiro;
0587;02/04/2022;06;10;11;13;19;21;29;Agosto;
0588;05/04/2022;04;08;09;14;16;19;24;Agosto;
0589;07/04/2022;02;12;16;17;18;22;23;Junho;
0590;09/04/2022;01;05;08;18;19;27;28;Agosto;
0591;12/04/2022;02;17;19;20;23;25;27;Julho;
0592;14/04/2022;04;09;10;12;19;22;26;Julho;
0593;16/04/2022;02;09;10;13;18;20;29;Dezembro;
0594;19/04/2022;06;15;16;17;18;27;31;Julho;
0595;23/04/2022;04;08;09;19;22;25;31;Abril;
0596;26/04/2022;02;05;09;14;25;26;28;Março;
0597;28/04/2022;06;07;10;13;22;24;29;Agosto;
0598;30/04/2022;07;09;13;15;20;24;25;Junho;
0599;03/05/2022;02;03;06;07;17;26;29;Novembro;
0600;05/05/2022;02;04;09;11;18;24;28;Fevereiro;
0601;07/05/2022;09;10;11;12;18;19;25;Dezembro;
0602;10/05/2022;01;06;08;11;15;19;30;Novembro;
0603;12/05/2022;02;21;22;26;27;28;31;Setembro;
0604;14/05/2022;06;07;12;18;20;24;28;Julho;
0605;17/05/2022;09;10;20;23;27;29;31;Dezembro;
0606;19/05/2022;03;07;13;14;16;17;31;Janeiro;
0607;21/05/2022;09;10;11;17;21;23;26;Março;
0608;24/05/2022;07;08;12;22;26;27;31;Junho;
0609;26/05/2022;02;04;09;11;19;30;31;Maio;
0610;28/05/2022;02;04;08;16;18;21;29;Agosto;
0611;31/05/2022;02;03;10;18;23;29;30;Janeiro;
0612;02/06/2022;04;06;10;16;21;25;29;Dezembro;
0613;04/06/2022;05;10;16;22;26;27;28;Outubro;
0614;07/06/2022;01;03;07;09;16;24;26;Outubro;
0615;09/06/2022;03;06;11;14;17;28;29;Junho;
0616;11/06/2022;06;12;15;26;27;28;31;Outubro;
0617;14/06/2022;01;06;08;13;15;21;25;Novembro;
0618;18/06/2022;03;05;13;15;17;18;24;Junho;
0619;21/06/2022;02;05;11;13;19;25;27;Setembro;
0620;23/06/2022;01;04;15;18;22;23;30;Fevereiro;
0621;25/06/2022;02;08;12;15;16;19;23;Setembro;
0622;28/06/2022;04;09;11;22;25;28;29;Dezembro;
0623;30/06/2022;06;10;15;17;20;27;30;Novembro;
0624;02/07/2022;08;20;21;22;27;29;31;Fevereiro;
0625;05/07/2022;02;06;10;12;19;30;31;Dezembro;
0626;07/07/2022;01;04;07;09;11;19;27;Fevereiro;
0627;09/07/2022;07;11;14;17;18;21;22;Novembro;
0628;12/07/2022;05;08;10;16;20;24;31;Março;
0629;14/07/2022;07;09;10;21;24;25;28;Janeiro;
0630;16/07/2022;03;08;11;15;19;20;30;Fevereiro;
0631;19/07/2022;06;11;14;18;19;22;29;Março;
0632;21/07/2022;06;10;11;12;14;18;24;Janeiro;
0633;23/07/2022;03;05;09;11;13;20;25;Fevereiro;
0634;26/07/2022;03;04;08;16;21;30;31;Abril;
0635;28/07/2022;02;08;11;13;15;16;17;Agosto;
0636;30/07/2022;02;04;07;14;21;27;28;Janeiro;
0637;02/08/2022;03;04;11;14;22;25;31;Janeiro;
0638;04/08/2022;02;03;14;15;19;21;26;Dezembro;
0639;06/08/2022;03;08;12;15;24;25;31;Julho;
0640;09/08/2022;03;05;09;13;19;29;30;Junho;
0641;11/08/2022;03;07;09;12;15;25;30;Junho;
0642;13/08/2022;08;10;11;13;14;24;29;Julho;
0643;16/08/2022;02;06;07;10;14;16;26;Fevereiro;
0644;18/08/2022;07;08;17;19;20;22;26;Janeiro;
0645;20/08/2022;05;07;11;19;24;29;31;Julho;
0646;23/08/2022;01;04;05;13;15;22;24;Setembro;
0647;25/08/2022;01;06;12;13;27;29;31;Junho;
0648;27/08/2022;03;06;09;23;25;28;30;Agosto;
0649;30/08/2022;04;05;08;14;18;19;30;Junho;
0650;01/09/2022;01;04;06;11;14;20;25;Março;
0651;03/09/2022;04;06;11;12;19;22;30;Março;
0652;06/09/2022;08;09;14;19;24;26;30;Maio;
0653;08/09/2022;01;03;12;15;22;24;30;Novembro;
0654;10/09/2022;06;07;08;11;12;14;27;Novembro;
0655;13/09/2022;04;08;12;20;26;27;31;Outubro;
0656;15/09/2022;02;08;09;13;19;25;27;Outubro;
0657;17/09/2022;06;07;16;19;25;28;30;Novembro;
0658;20/09/2022;09;16;17;23;26;28;31;Setembro;
0659;22/09/2022;04;05;07;12;20;24;31;Junho;
0660;24/09/2022;07;08;09;11;17;23;28;Dezembro;
0661;27/09/2022;02;05;09;14;23;26;29;Abril;
0662;29/09/2022;01;05;13;15;23;26;28;Maio;
0663;01/10/2022;01;02;03;15;20;30;31;Dezembro;
0664;04/10/2022;03;04;10;16;24;25;27;Fevereiro;
0665;06/10/2022;08;10;12;14;15;16;31;Novembro;
0666;08/10/2022;05;06;08;24;27;28;29;Julho;
0667;11/10/2022;04;11;12;20;24;28;29;Agosto;
0668;13/10/2022;01;05;07;11;17;24;31;Outubro;
0669;15/10/2022;01;04;11;14;15;22;24;Maio;
0670;18/10/2022;10;12;15;17;19;28;30;Fevereiro;
0671;20/10/2022;05;15;16;26;29;30;31;Março;
0672;22/10/2022;02;03;07;08;18;29;30;Outubro;
0673;25/10/2022;07;16;20;22;28;29;31;Julho;
0674;27/10/2022;06;12;13;19;28;30;31;Fevereiro;
0675;29/10/2022;04;07;08;10;17;20;26;Setembro;
0676;01/11/2022;06;08;15;23;26;27;31;Janeiro;
0677;03/11/2022;03;08;09;24;28;29;31;Maio;
0678;05/11/2022;04;05;13;20;21;26;30;Julho;
0679;08/11/2022;01;03;15;16;17;20;31;Outubro;
0680;10/11/2022;04;05;14;16;20;24;28;Março;
0681;12/11/2022;01;11;12;13;18;27;31;Agosto;
0682;17/11/2022;15;16;19;20;26;29;30;Setembro;
0683;19/11/2022;02;06;10;14;17;23;27;Novembro;
0684;22/11/2022;02;03;12;14;15;22;23;Outubro;
0685;24/11/2022;04;08;18;21;24;26;30;Abril;
0686;26/11/2022;04;13;16;18;19;24;25;Agosto;
0687;29/11/2022;03;06;07;13;15;18;31;Fevereiro;
0688;01/12/2022;02;06;22;25;29;30;31;Dezembro;
0689;03/12/2022;06;07;10;12;23;25;31;Julho;
0690;06/12/2022;02;09;12;15;27;29;31;Agosto;
0691;08/12/2022;03;05;10;13;14;20;29;Fevereiro;
0692;10/12/2022;08;09;11;12;23;25;28;Outubro;
0693;13/12/2022;02;04;07;16;29;30;31;Novembro;
0694;15/12/2022;06;07;12;23;26;28;31;Maio;
0695;17/12/2022;02;06;10;17;21;22;26;Janeiro;
0696;20/12/2022;01;05;09;19;20;24;29;Abril;
0697;22/12/2022;06;16;18;20;25;29;31;Dezembro;
0698;24/12/2022;04;11;14;17;18;19;31;Outubro;
0699;27/12/2022;02;06;07;09;20;26;29;Agosto;
0700;29/12/2022;06;08;10;11;18;20;22;Julho;
0701;31/12/2022;01;02;04;07;13;23;26;Abril;
0702;03/01/2023;04;07;14;18;20;25;26;Fevereiro;
0703;05/01/2023;01;04;07;11;16;20;24;Outubro;
0704;07/01/2023;02;04;12;13;16;21;29;Setembro;
0705;10/01/2023;05;07;09;12;13;22;23;Agosto;
0706;12/01/2023;17;19;20;24;27;28;31;Abril;
0707;14/01/2023;01;15;19;22;23;30;31;Dezembro;
0708;17/01/2023;03;15;17;18;20;29;31;Dezembro;
0709;19/01/2023;01;04;07;09;20;25;31;Fevereiro;
0710;21/01/2023;01;04;17;18;22;24;31;Novembro;
0711;24/01/2023;05;06;11;17;21;26;27;Novembro;
0712;26/01/2023;02;03;10;11;15;20;27;Outubro;
0713;28/01/2023;02;04;06;08;12;13;22;Novembro;
0714;31/01/2023;13;15;19;23;26;27;28;Janeiro;
0715;02/02/2023;01;08;17;18;22;27;31;Maio;
0716;04/02/2023;02;04;06;09;17;19;30;Julho;
0717;07/02/2023;06;08;19;20;21;23;24;Novembro;
0718;09/02/2023;11;13;15;18;20;21;22;Setembro;
0719;11/02/2023;01;08;10;17;26;29;31;Novembro;
0720;14/02/2023;03;08;10;17;22;23;31;Julho;
0721;16/02/2023;03;05;07;14;21;24;29;Janeiro;
0722;18/02/2023;09;13;16;22;23;27;31;Junho;
