Concurso;Data_concurso;Dezena_01;Dezena_02;Dezena_03;Dezena_04;Dezena_05;Dezena_06;
0001;11/03/1996;04;05;30;33;41;52;
0002;18/03/1996;09;37;39;41;43;49;
0003;25/03/1996;10;11;29;30;36;47;
0004;01/04/1996;01;05;06;27;42;59;
0005;08/04/1996;01;02;06;16;19;46;
0006;15/04/1996;07;13;19;22;40;47;
0007;22/04/1996;03;05;20;21;38;56;
0008;29/04/1996;04;17;37;38;47;53;
0009;06/05/1996;08;43;54;55;56;60;
0010;13/05/1996;04;18;21;25;38;57;
0011;20/05/1996;15;25;37;38;58;59;
0012;27/05/1996;04;16;19;20;27;43;
0013;03/06/1996;18;32;47;50;54;56;
0014;10/06/1996;02;16;23;27;47;53;
0015;17/06/1996;12;33;35;51;52;60;
0016;24/06/1996;20;32;34;49;58;60;
0017;01/07/1996;06;10;13;19;20;51;
0018;08/07/1996;23;27;36;37;42;56;
0019;15/07/1996;05;10;12;24;25;60;
0020;22/07/1996;11;25;28;30;33;51;
0021;29/07/1996;06;33;36;46;49;53;
0022;05/08/1996;01;09;31;38;46;56;
0023;12/08/1996;17;37;39;51;52;59;
0024;19/08/1996;01;08;14;28;33;43;
0025;25/08/1996;24;43;50;54;55;56;
0026;01/09/1996;10;22;50;53;57;58;
0027;08/09/1996;13;17;20;33;44;51;
0028;15/09/1996;03;06;22;24;54;60;
0029;22/09/1996;03;08;14;43;56;58;
0030;29/09/1996;07;14;15;29;38;50;
0031;06/10/1996;17;19;28;45;48;56;
0032;13/10/1996;05;14;33;36;43;44;
0033;20/10/1996;05;17;33;39;42;49;
0034;27/10/1996;13;15;17;40;53;57;
0035;03/11/1996;04;16;21;23;54;57;
0036;10/11/1996;03;13;17;25;29;51;
0037;17/11/1996;06;07;22;38;52;60;
0038;24/11/1996;10;42;43;45;54;55;
0039;01/12/1996;12;16;37;45;52;56;
0040;08/12/1996;03;05;08;12;46;47;
0041;15/12/1996;12;26;35;38;39;47;
0042;22/12/1996;07;11;19;24;33;36;
0043;29/12/1996;02;06;17;25;26;58;
0044;05/01/1997;14;18;29;38;44;47;
0045;12/01/1997;07;30;37;44;53;55;
0046;19/01/1997;01;23;24;32;46;60;
0047;26/01/1997;03;17;25;35;48;56;
0048;02/02/1997;02;05;28;34;47;50;
0049;09/02/1997;07;13;33;35;43;55;
0050;16/02/1997;06;16;21;44;57;58;
0051;23/02/1997;17;23;24;25;42;47;
0052;02/03/1997;15;30;38;46;58;59;
0053;09/03/1997;03;13;16;38;42;46;
0054;16/03/1997;05;09;18;21;36;56;
0055;23/03/1997;02;14;23;29;38;52;
0056;30/03/1997;02;07;20;35;51;59;
0057;06/04/1997;07;16;17;27;34;59;
0058;13/04/1997;12;27;30;37;44;49;
0059;20/04/1997;02;08;13;28;34;54;
0060;27/04/1997;03;14;15;20;21;38;
0061;04/05/1997;08;18;29;42;44;59;
0062;11/05/1997;06;08;13;24;31;52;
0063;18/05/1997;09;25;26;40;41;49;
0064;25/05/1997;08;12;23;50;54;60;
0065;01/06/1997;01;05;20;25;32;34;
0066;08/06/1997;12;13;15;26;33;48;
0067;15/06/1997;12;14;17;27;47;52;
0068;22/06/1997;01;03;12;13;53;59;
0069;29/06/1997;25;34;45;53;56;58;
0070;06/07/1997;17;23;27;40;43;58;
0071;13/07/1997;16;27;33;43;45;53;
0072;20/07/1997;01;19;34;43;44;48;
0073;27/07/1997;25;26;28;45;51;57;
0074;03/08/1997;02;24;34;37;38;50;
0075;10/08/1997;21;24;35;36;37;49;
0076;17/08/1997;08;17;18;23;33;53;
0077;24/08/1997;21;29;40;49;54;57;
0078;31/08/1997;12;22;25;31;32;46;
0079;07/09/1997;02;13;17;25;31;43;
0080;14/09/1997;23;28;37;40;48;51;
0081;21/09/1997;10;23;41;47;54;60;
0082;28/09/1997;15;18;29;36;51;53;
0083;05/10/1997;04;15;16;24;42;57;
0084;12/10/1997;04;06;10;25;34;40;
0085;19/10/1997;06;15;30;37;45;47;
0086;26/10/1997;06;21;22;34;36;54;
0087;02/11/1997;04;05;11;28;32;40;
0088;09/11/1997;04;18;29;37;43;45;
0089;16/11/1997;13;34;42;44;55;59;
0090;23/11/1997;09;21;26;40;52;54;
0091;30/11/1997;02;04;10;35;39;60;
0092;07/12/1997;01;03;05;23;24;51;
0093;14/12/1997;02;22;28;31;36;53;
0094;21/12/1997;08;18;28;51;52;55;
0095;28/12/1997;06;40;45;46;50;60;
0096;04/01/1998;04;07;26;40;42;58;
0097;11/01/1998;05;11;14;35;53;56;
0098;18/01/1998;13;14;31;33;35;43;
0099;25/01/1998;11;24;30;33;46;60;
0100;01/02/1998;14;29;30;46;48;51;
0101;08/02/1998;01;18;29;31;37;39;
0102;15/02/1998;19;20;37;42;44;56;
0103;22/02/1998;01;07;09;49;54;57;
0104;01/03/1998;01;04;13;21;38;52;
0105;08/03/1998;03;13;31;43;46;49;
0106;15/03/1998;05;16;24;35;38;39;
0107;22/03/1998;02;04;16;24;51;52;
0108;29/03/1998;21;24;29;34;59;60;
0109;04/04/1998;01;13;44;48;49;54;
0110;11/04/1998;18;31;43;52;57;58;
0111;18/04/1998;04;22;25;32;33;52;
0112;25/04/1998;12;20;34;37;42;43;
0113;02/05/1998;07;26;28;34;54;55;
0114;09/05/1998;06;12;18;37;47;54;
0115;16/05/1998;04;06;14;20;24;38;
0116;23/05/1998;05;13;32;36;42;51;
0117;30/05/1998;20;25;27;33;42;53;
0118;06/06/1998;09;22;25;37;56;57;
0119;13/06/1998;01;21;36;38;47;50;
0120;20/06/1998;03;16;27;40;45;46;
0121;27/06/1998;02;29;41;44;53;55;
0122;04/07/1998;11;17;20;39;43;53;
0123;11/07/1998;13;14;16;26;32;42;
0124;18/07/1998;05;15;34;41;52;57;
0125;25/07/1998;25;41;47;53;56;59;
0126;01/08/1998;06;10;11;28;32;40;
0127;08/08/1998;21;29;50;51;54;59;
0128;15/08/1998;03;09;18;21;23;43;
0129;22/08/1998;01;09;10;32;46;54;
0130;29/08/1998;13;29;38;42;49;53;
0131;05/09/1998;04;09;17;27;30;44;
0132;12/09/1998;07;09;35;41;44;50;
0133;19/09/1998;05;06;19;34;39;57;
0134;26/09/1998;04;25;32;36;52;60;
0135;03/10/1998;21;22;35;40;53;59;
0136;10/10/1998;01;17;25;38;45;59;
0137;17/10/1998;15;16;19;22;26;49;
0138;24/10/1998;05;14;27;37;40;41;
0139;31/10/1998;03;13;26;27;41;42;
0140;07/11/1998;07;31;41;44;46;55;
0141;14/11/1998;10;13;22;41;42;58;
0142;21/11/1998;08;15;19;20;54;59;
0143;28/11/1998;06;18;20;40;50;53;
0144;05/12/1998;08;32;36;44;45;55;
0145;12/12/1998;15;16;31;41;43;51;
0146;19/12/1998;25;32;34;42;51;60;
0147;24/12/1998;06;16;23;24;28;38;
0148;31/12/1998;32;35;41;55;58;59;
0149;09/01/1999;07;11;20;28;45;48;
0150;16/01/1999;12;44;50;52;54;55;
0151;23/01/1999;03;16;20;43;52;56;
0152;30/01/1999;05;12;15;29;51;58;
0153;06/02/1999;02;30;31;42;45;47;
0154;13/02/1999;08;10;24;33;45;48;
0155;20/02/1999;12;30;32;35;43;44;
0156;27/02/1999;17;23;42;49;52;55;
0157;06/03/1999;04;13;17;21;41;44;
0158;13/03/1999;04;14;17;43;51;58;
0159;20/03/1999;09;11;16;35;50;58;
0160;27/03/1999;02;13;42;52;54;58;
0161;03/04/1999;06;25;30;37;39;41;
0162;10/04/1999;21;23;33;38;48;51;
0163;17/04/1999;08;27;36;41;53;56;
0164;24/04/1999;04;10;14;19;28;44;
0165;01/05/1999;10;19;23;35;39;56;
0166;08/05/1999;12;13;22;57;59;60;
0167;15/05/1999;01;11;28;33;38;48;
0168;22/05/1999;02;09;31;35;45;50;
0169;29/05/1999;01;13;21;37;51;52;
0170;05/06/1999;07;41;46;51;55;58;
0171;12/06/1999;04;27;40;43;46;54;
0172;19/06/1999;10;14;26;35;36;49;
0173;26/06/1999;17;28;29;42;49;50;
0174;03/07/1999;11;22;23;36;52;59;
0175;10/07/1999;01;10;13;20;42;50;
0176;17/07/1999;01;03;04;28;45;53;
0177;24/07/1999;22;35;38;39;41;59;
0178;31/07/1999;05;15;19;26;27;33;
0179;07/08/1999;05;06;23;26;27;53;
0180;14/08/1999;06;23;29;39;51;60;
0181;21/08/1999;01;27;33;35;51;55;
0182;28/08/1999;03;05;10;28;46;60;
0183;04/09/1999;02;07;11;16;40;44;
0184;11/09/1999;09;16;21;34;41;60;
0185;18/09/1999;17;22;43;46;55;59;
0186;25/09/1999;14;23;24;25;26;51;
0187;02/10/1999;06;36;41;44;48;58;
0188;10/10/1999;17;27;34;42;43;46;
0189;16/10/1999;04;15;31;38;41;53;
0190;24/10/1999;05;10;21;32;40;42;
0191;31/10/1999;01;03;05;23;41;58;
0192;06/11/1999;01;26;28;41;54;60;
0193;13/11/1999;04;11;12;19;43;49;
0194;20/11/1999;25;28;32;33;42;43;
0195;27/11/1999;03;09;17;32;37;44;
0196;04/12/1999;07;09;14;17;24;32;
0197;11/12/1999;05;12;15;19;29;52;
0198;18/12/1999;01;08;18;23;35;40;
0199;24/12/1999;10;16;37;50;52;57;
0200;31/12/1999;12;15;19;34;44;51;
0201;08/01/2000;05;20;22;30;35;55;
0202;15/01/2000;12;24;44;45;49;53;
0203;22/01/2000;11;19;29;44;47;55;
0204;29/01/2000;29;31;39;41;51;58;
0205;05/02/2000;26;32;40;43;46;54;
0206;12/02/2000;18;20;26;34;51;56;
0207;19/02/2000;03;07;19;24;53;55;
0208;26/02/2000;15;23;24;25;47;57;
0209;04/03/2000;13;21;26;32;41;52;
0210;11/03/2000;20;32;37;38;48;58;
0211;18/03/2000;10;20;33;40;45;50;
0212;25/03/2000;06;15;29;45;57;59;
0213;01/04/2000;03;09;23;30;32;35;
0214;08/04/2000;06;12;30;31;35;50;
0215;15/04/2000;07;28;37;46;53;58;
0216;22/04/2000;14;18;30;35;42;59;
0217;29/04/2000;03;27;32;45;49;51;
0218;06/05/2000;12;17;40;42;47;54;
0219;13/05/2000;23;26;28;36;42;49;
0220;20/05/2000;13;14;36;53;55;60;
0221;27/05/2000;13;27;43;50;54;58;
0222;03/06/2000;05;19;30;48;52;55;
0223;10/06/2000;02;06;22;24;28;58;
0224;17/06/2000;07;16;18;20;21;44;
0225;24/06/2000;02;04;16;21;37;58;
0226;01/07/2000;01;02;38;49;50;59;
0227;08/07/2000;11;26;27;37;42;48;
0228;15/07/2000;13;16;40;43;45;59;
0229;22/07/2000;11;13;21;33;39;45;
0230;29/07/2000;08;40;41;44;53;56;
0231;05/08/2000;16;27;36;42;44;59;
0232;12/08/2000;19;22;29;37;41;59;
0233;19/08/2000;03;07;24;32;36;45;
0234;26/08/2000;15;25;41;42;45;54;
0235;02/09/2000;02;22;29;31;41;55;
0236;09/09/2000;10;25;50;52;57;60;
0237;16/09/2000;07;31;36;45;56;57;
0238;23/09/2000;09;13;15;37;41;42;
0239;30/09/2000;06;21;33;44;46;47;
0240;07/10/2000;25;28;38;41;57;59;
0241;14/10/2000;11;31;35;40;56;57;
0242;21/10/2000;04;07;21;22;28;56;
0243;28/10/2000;11;16;20;23;32;47;
0244;04/11/2000;19;24;33;47;50;60;
0245;11/11/2000;08;27;44;51;53;60;
0246;18/11/2000;02;16;32;37;43;57;
0247;25/11/2000;03;10;23;30;34;46;
0248;02/12/2000;16;32;34;35;41;56;
0249;09/12/2000;21;36;40;49;54;55;
0250;16/12/2000;07;25;41;42;43;55;
0251;23/12/2000;15;23;30;34;49;55;
0252;30/12/2000;04;17;26;32;51;54;
0253;06/01/2001;11;12;24;37;44;56;
0254;13/01/2001;01;04;21;22;30;56;
0255;20/01/2001;16;19;20;32;44;55;
0256;27/01/2001;02;21;26;32;34;52;
0257;03/02/2001;01;04;05;19;28;34;
0258;10/02/2001;07;12;50;54;55;60;
0259;17/02/2001;13;15;20;33;43;58;
0260;24/02/2001;04;06;33;43;59;60;
0261;03/03/2001;05;16;20;30;54;56;
0262;10/03/2001;11;20;48;53;58;60;
0263;17/03/2001;08;09;26;43;50;53;
0264;24/03/2001;01;05;13;25;31;33;
0265;31/03/2001;07;16;34;41;50;53;
0266;07/04/2001;02;23;38;46;48;54;
0267;14/04/2001;01;08;45;46;55;58;
0268;21/04/2001;05;06;10;21;33;47;
0269;28/04/2001;17;18;19;25;49;52;
0270;05/05/2001;05;09;27;35;40;45;
0271;12/05/2001;14;24;26;29;31;54;
0272;19/05/2001;09;10;24;36;56;58;
0273;26/05/2001;10;17;23;27;47;52;
0274;02/06/2001;11;13;18;26;39;47;
0275;09/06/2001;16;19;30;37;38;48;
0276;16/06/2001;22;39;45;53;57;59;
0277;23/06/2001;04;26;38;40;52;56;
0278;30/06/2001;10;15;18;22;31;55;
0279;07/07/2001;04;23;31;47;58;59;
0280;14/07/2001;05;16;20;25;30;58;
0281;21/07/2001;05;11;31;38;47;53;
0282;28/07/2001;09;14;23;24;33;36;
0283;01/08/2001;25;28;34;42;48;54;
0284;04/08/2001;07;08;14;30;32;36;
0285;08/08/2001;12;32;37;41;50;56;
0286;11/08/2001;29;35;37;44;47;56;
0287;15/08/2001;03;13;25;33;47;60;
0288;18/08/2001;06;09;11;17;18;50;
0289;22/08/2001;06;07;20;25;30;36;
0290;25/08/2001;07;25;26;30;40;57;
0291;29/08/2001;05;16;17;18;22;41;
0292;01/09/2001;13;23;24;34;45;53;
0293;05/09/2001;05;06;07;12;28;35;
0294;08/09/2001;22;25;28;41;45;57;
0295;12/09/2001;07;12;24;31;44;50;
0296;15/09/2001;03;20;42;46;51;52;
0297;19/09/2001;01;20;28;33;36;41;
0298;22/09/2001;05;22;23;24;34;60;
0299;26/09/2001;02;05;07;33;49;53;
0300;29/09/2001;24;27;28;38;41;57;
0301;03/10/2001;09;26;48;49;57;58;
0302;06/10/2001;12;25;30;40;41;60;
0303;10/10/2001;07;13;17;30;37;47;
0304;13/10/2001;07;11;34;41;42;59;
0305;17/10/2001;05;11;27;38;53;60;
0306;20/10/2001;19;30;41;47;56;57;
0307;24/10/2001;13;16;17;26;41;44;
0308;27/10/2001;04;11;25;29;39;55;
0309;31/10/2001;04;11;25;39;50;55;
0310;03/11/2001;02;14;28;29;31;32;
0311;07/11/2001;22;24;30;32;38;41;
0312;10/11/2001;14;23;30;41;47;50;
0313;14/11/2001;14;16;24;37;38;53;
0314;17/11/2001;05;32;34;37;40;58;
0315;21/11/2001;12;21;22;28;43;50;
0316;24/11/2001;06;24;28;43;51;56;
0317;28/11/2001;16;20;27;30;35;48;
0318;01/12/2001;03;19;20;31;40;53;
0319;05/12/2001;12;16;17;19;23;48;
0320;08/12/2001;20;22;27;47;50;53;
0321;12/12/2001;04;11;31;32;48;49;
0322;15/12/2001;11;18;29;44;47;56;
0323;19/12/2001;26;31;33;40;49;54;
0324;22/12/2001;08;15;22;25;30;47;
0325;29/12/2001;01;03;04;21;23;53;
0326;05/01/2002;21;23;40;44;51;52;
0327;09/01/2002;29;32;33;38;46;48;
0328;12/01/2002;05;07;14;21;23;51;
0329;16/01/2002;10;11;12;24;35;40;
0330;19/01/2002;02;04;14;23;37;51;
0331;23/01/2002;01;13;20;27;35;37;
0332;26/01/2002;23;28;29;34;42;44;
0333;30/01/2002;04;27;35;44;52;53;
0334;02/02/2002;14;23;24;26;41;51;
0335;06/02/2002;07;23;33;43;57;59;
0336;09/02/2002;02;18;22;26;30;54;
0337;16/02/2002;04;14;16;31;52;54;
0338;20/02/2002;01;04;09;36;46;48;
0339;23/02/2002;05;12;13;16;27;50;
0340;27/02/2002;09;10;12;33;42;60;
0341;02/03/2002;05;16;22;23;43;56;
0342;06/03/2002;16;29;34;49;51;54;
0343;09/03/2002;04;06;07;12;24;41;
0344;13/03/2002;10;12;14;33;35;36;
0345;16/03/2002;11;22;46;51;56;58;
0346;20/03/2002;07;12;41;46;56;60;
0347;23/03/2002;01;10;12;26;48;52;
0348;27/03/2002;19;30;33;39;40;52;
0349;30/03/2002;08;09;28;32;38;54;
0350;03/04/2002;10;15;23;30;43;57;
0351;06/04/2002;15;16;24;41;59;60;
0352;10/04/2002;07;20;25;44;47;49;
0353;13/04/2002;19;23;30;46;55;60;
0354;17/04/2002;07;16;38;40;41;52;
0355;20/04/2002;02;14;22;23;37;60;
0356;24/04/2002;05;19;21;54;56;58;
0357;27/04/2002;02;30;32;35;45;53;
0358;04/05/2002;12;17;21;32;40;42;
0359;08/05/2002;13;19;20;29;31;54;
0360;11/05/2002;23;24;29;47;53;55;
0361;15/05/2002;16;28;31;41;45;59;
0362;18/05/2002;07;20;33;37;46;56;
0363;22/05/2002;19;29;39;47;49;54;
0364;25/05/2002;05;29;44;51;57;59;
0365;29/05/2002;19;23;34;37;52;58;
0366;01/06/2002;04;06;07;15;21;51;
0367;05/06/2002;10;12;27;33;49;52;
0368;08/06/2002;13;29;32;38;44;50;
0369;12/06/2002;01;14;21;35;42;60;
0370;15/06/2002;01;04;40;42;51;54;
0371;19/06/2002;04;18;23;33;39;60;
0372;22/06/2002;16;17;24;39;46;57;
0373;26/06/2002;01;05;10;24;31;33;
0374;29/06/2002;02;05;16;26;44;54;
0375;03/07/2002;01;05;09;42;51;58;
0376;06/07/2002;10;13;25;35;43;48;
0377;10/07/2002;03;12;19;27;45;46;
0378;13/07/2002;05;38;41;45;48;55;
0379;17/07/2002;24;33;40;41;55;59;
0380;20/07/2002;13;22;30;31;47;57;
0381;24/07/2002;09;10;28;46;55;56;
0382;27/07/2002;31;34;37;38;53;54;
0383;31/07/2002;14;22;48;50;53;56;
0384;03/08/2002;24;28;40;47;50;52;
0385;07/08/2002;05;12;16;18;22;24;
0386;10/08/2002;17;35;36;39;43;54;
0387;14/08/2002;22;28;29;43;47;48;
0388;17/08/2002;23;36;48;52;53;58;
0389;21/08/2002;05;14;18;43;46;54;
0390;24/08/2002;07;12;22;34;38;53;
0391;28/08/2002;04;07;15;16;35;40;
0392;31/08/2002;15;23;31;39;47;49;
0393;04/09/2002;06;12;35;36;40;50;
0394;07/09/2002;05;15;35;42;45;49;
0395;11/09/2002;10;11;14;20;31;58;
0396;14/09/2002;06;18;34;42;45;47;
0397;18/09/2002;01;02;05;24;32;46;
0398;21/09/2002;07;16;22;28;36;37;
0399;25/09/2002;11;16;27;47;55;59;
0400;28/09/2002;10;13;28;29;54;59;
0401;02/10/2002;11;18;43;44;50;53;
0402;05/10/2002;05;16;27;43;56;58;
0403;09/10/2002;07;16;27;31;46;60;
0404;12/10/2002;01;24;28;38;40;58;
0405;16/10/2002;24;29;34;47;57;60;
0406;19/10/2002;02;12;32;38;47;48;
0407;23/10/2002;02;18;22;49;51;57;
0408;26/10/2002;14;28;33;44;49;56;
0409;30/10/2002;18;25;26;31;34;49;
0410;02/11/2002;08;24;31;36;38;55;
0411;06/11/2002;10;12;31;38;45;56;
0412;09/11/2002;05;12;14;21;45;59;
0413;13/11/2002;02;04;29;33;35;53;
0414;16/11/2002;16;26;35;45;52;58;
0415;20/11/2002;01;04;27;38;42;44;
0416;23/11/2002;01;13;23;33;54;56;
0417;27/11/2002;07;12;21;25;34;42;
0418;30/11/2002;08;15;32;45;49;52;
0419;04/12/2002;09;16;41;42;52;53;
0420;07/12/2002;12;29;30;43;57;59;
0421;11/12/2002;05;35;37;38;45;51;
0422;14/12/2002;12;37;43;55;56;60;
0423;18/12/2002;08;22;32;33;40;53;
0424;21/12/2002;18;27;29;36;46;59;
0425;28/12/2002;06;10;16;34;42;47;
0426;04/01/2003;07;30;32;37;50;54;
0427;08/01/2003;03;13;14;24;43;51;
0428;11/01/2003;08;28;30;32;46;60;
0429;15/01/2003;17;26;32;36;43;55;
0430;18/01/2003;08;10;21;25;38;50;
0431;22/01/2003;26;37;40;47;52;58;
0432;25/01/2003;04;13;17;27;39;50;
0433;29/01/2003;16;17;28;30;36;54;
0434;01/02/2003;04;10;17;24;30;54;
0435;05/02/2003;10;11;17;31;37;43;
0436;08/02/2003;01;06;07;29;48;57;
0437;12/02/2003;07;10;30;44;54;59;
0438;15/02/2003;03;05;11;14;38;48;
0439;19/02/2003;13;20;29;42;43;57;
0440;22/02/2003;03;05;23;30;46;47;
0441;26/02/2003;02;10;15;21;58;59;
0442;01/03/2003;06;15;23;31;37;59;
0443;08/03/2003;11;17;26;36;48;52;
0444;12/03/2003;03;24;33;48;52;57;
0445;15/03/2003;07;20;31;32;50;53;
0446;19/03/2003;08;11;12;17;20;47;
0447;22/03/2003;15;24;25;33;42;55;
0448;26/03/2003;03;05;09;45;51;52;
0449;29/03/2003;01;08;24;34;49;56;
0450;02/04/2003;01;09;13;50;51;59;
0451;05/04/2003;17;18;23;28;31;53;
0452;09/04/2003;11;16;30;36;51;54;
0453;12/04/2003;08;20;23;34;52;58;
0454;16/04/2003;04;17;24;42;46;56;
0455;19/04/2003;02;14;15;17;50;59;
0456;23/04/2003;03;17;22;27;33;40;
0457;26/04/2003;15;17;24;27;32;48;
0458;30/04/2003;13;24;32;34;43;53;
0459;03/05/2003;08;15;17;39;43;49;
0460;07/05/2003;19;23;30;37;49;55;
0461;10/05/2003;15;17;20;29;30;60;
0462;14/05/2003;17;19;22;26;27;48;
0463;17/05/2003;02;03;07;18;45;53;
0464;21/05/2003;06;24;33;38;45;50;
0465;24/05/2003;01;22;31;46;51;57;
0466;28/05/2003;11;16;28;29;30;45;
0467;31/05/2003;08;18;21;22;38;60;
0468;04/06/2003;05;06;23;25;39;51;
0469;07/06/2003;13;21;26;29;42;47;
0470;11/06/2003;08;11;23;37;51;58;
0471;14/06/2003;05;31;32;36;51;59;
0472;18/06/2003;03;04;12;29;38;51;
0473;21/06/2003;07;23;41;49;51;58;
0474;25/06/2003;03;12;32;34;40;50;
0475;28/06/2003;06;08;19;22;43;52;
0476;02/07/2003;17;20;38;43;55;58;
0477;05/07/2003;06;08;18;34;38;47;
0478;09/07/2003;03;08;21;25;30;31;
0479;12/07/2003;20;26;41;46;54;58;
0480;16/07/2003;14;33;36;38;41;49;
0481;19/07/2003;06;13;22;24;42;44;
0482;23/07/2003;12;13;33;53;54;56;
0483;26/07/2003;16;18;23;35;44;59;
0484;30/07/2003;17;18;19;38;49;53;
0485;02/08/2003;19;28;30;38;52;57;
0486;06/08/2003;08;14;19;30;42;50;
0487;09/08/2003;08;22;25;48;52;54;
0488;13/08/2003;15;30;35;39;43;57;
0489;16/08/2003;17;28;33;36;53;59;
0490;20/08/2003;05;11;23;29;54;58;
0491;23/08/2003;01;09;15;22;43;55;
0492;27/08/2003;02;06;15;18;56;57;
0493;30/08/2003;03;18;20;24;42;54;
0494;03/09/2003;18;20;28;32;49;53;
0495;06/09/2003;08;15;29;36;49;60;
0496;10/09/2003;10;19;20;29;41;59;
0497;13/09/2003;09;13;20;32;41;58;
0498;17/09/2003;02;06;28;49;50;57;
0499;20/09/2003;01;04;05;11;44;59;
0500;27/09/2003;21;29;35;36;38;54;
0501;01/10/2003;16;27;28;34;39;56;
0502;04/10/2003;07;13;21;24;33;50;
0503;08/10/2003;07;10;21;27;48;49;
0504;11/10/2003;08;11;19;30;39;50;
0505;15/10/2003;03;20;28;46;47;52;
0506;18/10/2003;04;15;31;34;37;38;
0507;22/10/2003;03;05;27;33;44;58;
0508;25/10/2003;05;10;15;45;46;56;
0509;29/10/2003;28;32;33;34;35;55;
0510;01/11/2003;01;04;30;41;45;58;
0511;05/11/2003;03;04;08;34;36;37;
0512;08/11/2003;04;08;31;40;53;58;
0513;12/11/2003;10;19;27;33;39;46;
0514;15/11/2003;15;36;40;42;51;52;
0515;19/11/2003;15;16;39;45;48;57;
0516;22/11/2003;05;13;24;33;34;35;
0517;26/11/2003;07;08;28;32;38;51;
0518;29/11/2003;05;08;10;15;18;44;
0519;03/12/2003;09;15;19;22;36;42;
0520;06/12/2003;09;12;17;32;34;35;
0521;10/12/2003;15;25;28;32;38;45;
0522;13/12/2003;06;14;15;25;49;52;
0523;17/12/2003;28;39;40;44;45;58;
0524;20/12/2003;19;29;34;41;47;48;
0525;27/12/2003;08;10;24;26;32;49;
0526;03/01/2004;03;21;31;36;55;59;
0527;07/01/2004;06;14;17;26;50;52;
0528;10/01/2004;08;12;28;31;34;37;
0529;14/01/2004;01;13;33;38;45;56;
0530;17/01/2004;01;06;21;25;32;49;
0531;21/01/2004;01;03;07;18;35;50;
0532;24/01/2004;04;09;12;13;52;53;
0533;28/01/2004;13;18;21;27;53;59;
0534;31/01/2004;03;08;23;31;48;57;
0535;04/02/2004;06;14;28;47;49;56;
0536;07/02/2004;14;15;22;23;25;37;
0537;11/02/2004;03;07;19;34;37;39;
0538;14/02/2004;03;25;43;45;52;56;
0539;18/02/2004;06;16;19;47;50;55;
0540;21/02/2004;04;22;28;30;44;49;
0541;28/02/2004;13;27;49;52;57;58;
0542;03/03/2004;04;06;19;28;35;49;
0543;06/03/2004;35;37;42;46;49;54;
0544;10/03/2004;11;17;33;34;47;56;
0545;13/03/2004;17;29;35;40;43;57;
0546;17/03/2004;04;05;13;17;46;54;
0547;20/03/2004;04;13;28;30;53;59;
0548;24/03/2004;14;47;49;51;58;59;
0549;27/03/2004;08;13;22;46;51;58;
0550;31/03/2004;16;17;38;39;45;56;
0551;03/04/2004;12;21;46;48;56;57;
0552;07/04/2004;09;22;47;49;52;54;
0553;10/04/2004;04;43;46;53;54;58;
0554;14/04/2004;15;29;31;42;47;60;
0555;17/04/2004;05;23;31;33;45;49;
0556;21/04/2004;08;10;17;30;33;45;
0557;24/04/2004;08;12;18;23;38;49;
0558;28/04/2004;07;14;31;57;58;59;
0559;01/05/2004;06;13;17;25;36;53;
0560;05/05/2004;02;11;18;30;32;58;
0561;08/05/2004;01;20;36;39;49;55;
0562;12/05/2004;16;23;35;37;55;57;
0563;15/05/2004;05;08;23;34;44;51;
0564;19/05/2004;10;13;20;32;38;49;
0565;22/05/2004;07;31;34;35;37;45;
0566;26/05/2004;06;13;17;18;20;37;
0567;29/05/2004;11;31;38;41;57;58;
0568;02/06/2004;13;17;22;25;29;41;
0569;05/06/2004;03;09;14;15;32;57;
0570;09/06/2004;15;32;33;35;36;51;
0571;12/06/2004;12;13;14;31;50;51;
0572;16/06/2004;03;09;16;20;33;60;
0573;19/06/2004;06;17;22;29;40;59;
0574;23/06/2004;02;10;17;23;32;44;
0575;26/06/2004;05;18;21;29;35;48;
0576;30/06/2004;07;08;18;39;43;52;
0577;03/07/2004;08;23;24;28;31;47;
0578;07/07/2004;03;18;23;48;56;58;
0579;10/07/2004;04;09;15;17;34;39;
0580;14/07/2004;15;16;18;28;38;47;
0581;17/07/2004;14;17;25;30;39;52;
0582;21/07/2004;13;29;40;45;51;59;
0583;24/07/2004;06;07;20;41;43;55;
0584;28/07/2004;07;08;23;30;32;53;
0585;31/07/2004;12;24;33;36;39;57;
0586;04/08/2004;11;13;38;39;45;54;
0587;07/08/2004;02;18;29;30;36;60;
0588;11/08/2004;11;13;45;46;53;55;
0589;14/08/2004;06;07;08;13;33;59;
0590;18/08/2004;04;05;18;25;28;51;
0591;21/08/2004;01;03;18;34;50;58;
0592;25/08/2004;13;14;42;47;55;59;
0593;28/08/2004;01;25;27;29;49;59;
0594;01/09/2004;10;13;29;47;53;55;
0595;04/09/2004;01;02;25;43;50;54;
0596;08/09/2004;11;14;28;43;54;60;
0597;11/09/2004;22;27;29;40;42;56;
0598;15/09/2004;05;16;34;38;50;53;
0599;18/09/2004;04;06;09;23;45;51;
0600;22/09/2004;16;18;31;34;39;54;
0601;25/09/2004;10;19;22;29;30;37;
0602;29/09/2004;07;13;38;46;55;60;
0603;02/10/2004;04;08;11;12;29;44;
0604;06/10/2004;15;25;41;46;49;51;
0605;09/10/2004;04;24;44;49;52;53;
0606;13/10/2004;06;23;32;35;41;55;
0607;16/10/2004;06;11;19;27;41;59;
0608;20/10/2004;06;13;19;24;30;37;
0609;23/10/2004;02;06;15;58;59;60;
0610;27/10/2004;25;30;43;45;47;49;
0611;30/10/2004;16;21;22;33;48;49;
0612;03/11/2004;15;18;33;50;53;55;
0613;06/11/2004;06;13;19;44;54;55;
0614;10/11/2004;12;16;31;48;57;60;
0615;13/11/2004;05;08;10;27;31;51;
0616;17/11/2004;02;12;16;24;26;54;
0617;20/11/2004;03;05;25;33;36;49;
0618;24/11/2004;03;08;10;13;24;60;
0619;27/11/2004;08;12;14;16;19;46;
0620;01/12/2004;01;03;13;22;29;32;
0621;04/12/2004;26;29;31;49;50;57;
0622;08/12/2004;19;27;29;38;50;59;
0623;11/12/2004;09;23;30;42;49;55;
0624;15/12/2004;08;23;34;39;43;52;
0625;18/12/2004;12;24;32;40;42;59;
0626;22/12/2004;07;08;18;22;39;49;
0627;29/12/2004;01;13;19;45;56;58;
0628;05/01/2005;08;16;22;30;56;58;
0629;08/01/2005;15;16;39;40;47;51;
0630;12/01/2005;12;16;20;45;53;60;
0631;15/01/2005;01;20;28;32;44;47;
0632;19/01/2005;02;19;28;48;51;54;
0633;22/01/2005;05;11;22;27;46;50;
0634;26/01/2005;10;13;24;41;42;56;
0635;29/01/2005;08;20;26;37;42;49;
0636;02/02/2005;26;28;30;32;34;50;
0637;05/02/2005;11;18;43;48;52;58;
0638;12/02/2005;10;11;36;41;42;50;
0639;16/02/2005;13;35;39;45;51;60;
0640;19/02/2005;12;19;42;46;59;60;
0641;23/02/2005;01;09;13;17;33;34;
0642;26/02/2005;17;36;40;44;51;56;
0643;02/03/2005;14;24;37;40;42;45;
0644;05/03/2005;14;27;29;31;34;57;
0645;09/03/2005;03;24;48;52;53;54;
0646;12/03/2005;10;13;32;47;49;60;
0647;16/03/2005;11;12;14;19;54;56;
0648;19/03/2005;05;23;29;42;45;48;
0649;23/03/2005;09;24;33;41;48;54;
0650;26/03/2005;10;24;25;29;53;59;
0651;30/03/2005;26;28;39;45;48;60;
0652;02/04/2005;10;18;20;24;56;57;
0653;06/04/2005;05;09;19;24;31;34;
0654;09/04/2005;06;10;11;40;41;56;
0655;13/04/2005;01;26;37;39;43;48;
0656;16/04/2005;35;36;37;46;51;59;
0657;20/04/2005;16;20;33;58;59;60;
0658;23/04/2005;03;06;11;20;36;41;
0659;27/04/2005;14;29;34;40;51;52;
0660;30/04/2005;05;11;38;46;53;54;
0661;04/05/2005;04;27;36;40;42;55;
0662;07/05/2005;04;18;23;25;56;60;
0663;11/05/2005;01;27;30;49;51;55;
0664;14/05/2005;01;12;36;38;55;59;
0665;18/05/2005;07;08;18;25;47;48;
0666;21/05/2005;07;16;26;29;45;55;
0667;25/05/2005;01;04;05;16;23;49;
0668;28/05/2005;01;02;14;33;49;56;
0669;01/06/2005;07;24;27;40;41;49;
0670;04/06/2005;22;37;42;48;58;59;
0671;08/06/2005;09;16;27;38;39;51;
0672;11/06/2005;24;28;34;38;43;53;
0673;15/06/2005;06;11;20;34;37;40;
0674;18/06/2005;18;22;29;32;38;42;
0675;22/06/2005;24;25;30;42;43;50;
0676;25/06/2005;09;15;32;41;42;49;
0677;29/06/2005;08;10;25;32;48;55;
0678;02/07/2005;14;31;40;42;44;46;
0679;06/07/2005;03;21;25;37;54;58;
0680;09/07/2005;02;03;05;22;26;44;
0681;13/07/2005;21;25;38;53;58;59;
0682;16/07/2005;04;27;36;37;47;60;
0683;20/07/2005;02;11;12;35;40;43;
0684;23/07/2005;17;19;33;37;40;50;
0685;27/07/2005;05;12;27;33;43;56;
0686;30/07/2005;04;05;15;26;33;54;
0687;03/08/2005;01;07;14;41;48;59;
0688;06/08/2005;11;21;30;35;47;52;
0689;10/08/2005;06;07;31;49;51;60;
0690;13/08/2005;08;12;15;41;47;53;
0691;17/08/2005;08;16;37;50;55;58;
0692;20/08/2005;11;18;33;57;58;60;
0693;24/08/2005;13;14;17;31;41;50;
0694;27/08/2005;15;19;29;37;41;53;
0695;31/08/2005;06;11;13;21;40;52;
0696;03/09/2005;09;16;34;37;53;57;
0697;10/09/2005;28;31;32;35;51;53;
0698;14/09/2005;08;12;22;27;43;55;
0699;19/09/2005;17;23;48;50;53;54;
0700;21/09/2005;02;03;14;24;31;40;
0701;24/09/2005;01;13;23;31;48;60;
0702;28/09/2005;01;18;45;56;57;58;
0703;01/10/2005;02;11;24;27;30;45;
0704;05/10/2005;02;04;18;27;34;50;
0705;08/10/2005;03;11;13;15;26;43;
0706;15/10/2005;02;07;10;17;22;60;
0707;19/10/2005;01;08;10;36;43;51;
0708;22/10/2005;07;09;13;39;45;47;
0709;26/10/2005;04;06;09;22;29;44;
0710;29/10/2005;05;25;34;39;46;49;
0711;05/11/2005;05;10;33;40;41;59;
0712;09/11/2005;07;08;35;43;53;58;
0713;12/11/2005;01;12;16;26;46;54;
0714;16/11/2005;07;08;17;35;39;53;
0715;19/11/2005;04;12;24;33;36;54;
0716;23/11/2005;02;07;16;29;32;50;
0717;26/11/2005;06;17;23;28;35;41;
0718;30/11/2005;07;21;33;35;39;58;
0719;03/12/2005;03;32;37;39;47;53;
0720;07/12/2005;12;31;44;51;54;56;
0721;10/12/2005;03;14;23;25;36;55;
0722;14/12/2005;09;18;36;44;57;60;
0723;17/12/2005;01;06;16;36;50;52;
0724;21/12/2005;17;27;34;48;51;55;
0725;31/12/2005;03;09;35;37;41;49;
0726;04/01/2006;01;05;07;37;40;47;
0727;07/01/2006;04;12;14;30;42;59;
0728;11/01/2006;08;13;24;32;42;44;
0729;14/01/2006;05;18;33;43;56;57;
0730;18/01/2006;02;15;16;45;50;54;
0731;21/01/2006;06;15;16;23;28;35;
0732;25/01/2006;06;17;19;49;50;53;
0733;28/01/2006;02;12;26;31;43;46;
0734;01/02/2006;27;29;43;44;45;54;
0735;04/02/2006;09;15;38;40;42;52;
0736;08/02/2006;01;21;38;41;49;56;
0737;11/02/2006;11;12;24;32;33;38;
0738;15/02/2006;14;15;26;30;42;54;
0739;18/02/2006;06;10;35;45;49;56;
0740;22/02/2006;12;16;28;29;47;50;
0741;25/02/2006;24;26;27;36;39;59;
0742;01/03/2006;02;07;17;34;41;50;
0743;04/03/2006;20;23;25;32;54;60;
0744;08/03/2006;04;12;23;26;39;46;
0745;11/03/2006;02;16;21;37;43;57;
0746;15/03/2006;01;10;12;25;49;57;
0747;18/03/2006;02;03;12;21;23;56;
0748;22/03/2006;01;02;07;19;35;51;
0749;25/03/2006;04;24;47;48;50;57;
0750;29/03/2006;10;17;33;42;54;58;
0751;01/04/2006;04;07;20;25;38;50;
0752;05/04/2006;04;23;24;25;29;42;
0753;08/04/2006;02;07;22;35;43;59;
0754;12/04/2006;03;04;13;34;42;50;
0755;15/04/2006;04;12;30;47;49;59;
0756;19/04/2006;05;27;37;38;41;50;
0757;22/04/2006;12;17;18;30;32;58;
0758;26/04/2006;01;23;36;43;47;59;
0759;29/04/2006;30;31;39;45;48;59;
0760;03/05/2006;12;17;44;45;46;60;
0761;06/05/2006;13;17;27;29;40;56;
0762;10/05/2006;09;12;21;37;39;54;
0763;13/05/2006;01;09;26;40;47;48;
0764;18/05/2006;03;07;45;47;53;55;
0765;21/05/2006;03;10;16;30;37;50;
0766;24/05/2006;01;19;24;42;50;58;
0767;27/05/2006;15;22;32;38;50;54;
0768;31/05/2006;04;08;30;33;37;59;
0769;03/06/2006;12;16;20;21;29;50;
0770;07/06/2006;04;12;25;34;35;48;
0771;10/06/2006;14;21;29;34;46;47;
0772;14/06/2006;10;35;38;51;52;60;
0773;17/06/2006;03;05;14;29;34;51;
0774;21/06/2006;05;10;37;46;54;58;
0775;24/06/2006;12;27;42;46;47;50;
0776;28/06/2006;03;15;35;41;57;60;
0777;01/07/2006;02;14;23;28;50;56;
0778;05/07/2006;20;31;36;37;45;51;
0779;08/07/2006;25;26;29;36;52;54;
0780;12/07/2006;07;10;28;50;51;59;
0781;15/07/2006;08;10;13;39;54;56;
0782;19/07/2006;02;11;23;35;42;59;
0783;22/07/2006;04;08;21;32;43;48;
0784;26/07/2006;08;27;37;42;53;56;
0785;29/07/2006;05;08;17;35;37;48;
0786;02/08/2006;10;11;26;27;31;41;
0787;05/08/2006;20;31;34;37;54;60;
0788;09/08/2006;17;19;29;31;44;57;
0789;12/08/2006;06;31;38;39;50;60;
0790;16/08/2006;02;06;19;22;28;43;
0791;19/08/2006;09;14;19;35;42;58;
0792;23/08/2006;09;29;34;43;45;56;
0793;26/08/2006;03;15;16;33;51;57;
0794;30/08/2006;03;38;42;47;55;56;
0795;02/09/2006;14;21;26;29;36;48;
0796;06/09/2006;05;19;24;34;39;43;
0797;09/09/2006;06;12;47;48;52;58;
0798;13/09/2006;03;04;09;29;32;52;
0799;16/09/2006;19;29;35;42;55;57;
0800;20/09/2006;01;07;11;37;38;56;
0801;23/09/2006;11;19;20;22;42;48;
0802;27/09/2006;06;14;18;24;48;60;
0803;30/09/2006;03;05;10;21;28;57;
0804;04/10/2006;03;13;37;47;56;59;
0805;07/10/2006;02;30;36;43;48;60;
0806;12/10/2006;18;26;35;41;47;60;
0807;14/10/2006;02;08;27;32;49;56;
0808;18/10/2006;02;15;21;31;46;57;
0809;21/10/2006;05;11;15;23;25;30;
0810;25/10/2006;01;04;05;33;37;48;
0811;28/10/2006;10;28;32;41;47;57;
0812;01/11/2006;11;13;38;39;54;57;
0813;04/11/2006;09;15;23;45;46;56;
0814;08/11/2006;02;08;11;41;46;50;
0815;11/11/2006;09;19;37;39;50;57;
0816;16/11/2006;20;21;30;40;47;52;
0817;18/11/2006;10;29;30;34;43;52;
0818;22/11/2006;08;09;22;25;41;44;
0819;25/11/2006;05;19;25;46;51;58;
0820;29/11/2006;10;17;21;32;45;46;
0821;02/12/2006;04;29;33;36;38;42;
0822;06/12/2006;04;10;17;27;41;52;
0823;09/12/2006;01;15;26;51;54;59;
0824;13/12/2006;06;07;09;20;33;48;
0825;16/12/2006;10;21;28;40;41;47;
0826;19/12/2006;06;07;08;27;45;53;
0827;21/12/2006;18;24;30;42;51;56;
0828;23/12/2006;23;28;38;42;50;53;
0829;31/12/2006;10;14;32;47;50;56;
0830;03/01/2007;02;13;41;49;51;53;
0831;06/01/2007;03;32;33;42;48;50;
0832;10/01/2007;15;17;23;33;39;49;
0833;13/01/2007;13;16;46;53;57;58;
0834;17/01/2007;10;16;17;34;44;51;
0835;20/01/2007;18;31;33;49;57;58;
0836;24/01/2007;17;22;28;38;52;59;
0837;27/01/2007;05;06;16;24;34;60;
0838;31/01/2007;09;23;30;38;44;47;
0839;03/02/2007;07;08;11;18;37;43;
0840;07/02/2007;17;29;31;35;43;59;
0841;10/02/2007;07;22;32;36;38;51;
0842;14/02/2007;07;09;30;44;51;60;
0843;17/02/2007;01;16;34;36;45;48;
0844;24/02/2007;16;24;34;44;54;57;
0845;28/02/2007;14;19;20;40;48;52;
0846;03/03/2007;02;03;44;47;50;54;
0847;07/03/2007;14;15;27;42;44;48;
0848;10/03/2007;17;27;32;34;47;56;
0849;14/03/2007;08;09;39;44;49;58;
0850;17/03/2007;07;22;25;44;59;60;
0851;21/03/2007;03;16;19;32;35;58;
0852;24/03/2007;06;14;23;34;38;44;
0853;28/03/2007;30;38;46;51;56;59;
0854;31/03/2007;03;17;24;25;27;44;
0855;04/04/2007;03;24;31;42;43;53;
0856;07/04/2007;11;15;40;41;42;47;
0857;11/04/2007;02;03;17;49;50;59;
0858;14/04/2007;04;18;23;31;37;54;
0859;18/04/2007;09;12;34;46;47;57;
0860;23/04/2007;02;08;17;22;42;44;
0861;25/04/2007;39;40;42;47;59;60;
0862;28/04/2007;02;08;11;12;19;35;
0863;02/05/2007;15;24;32;50;53;57;
0864;05/05/2007;08;11;31;33;42;57;
0865;09/05/2007;23;26;27;41;51;53;
0866;12/05/2007;05;27;36;40;46;48;
0867;16/05/2007;10;19;26;28;44;54;
0868;19/05/2007;21;22;25;40;51;57;
0869;23/05/2007;27;29;42;49;50;51;
0870;26/05/2007;08;21;34;40;43;52;
0871;30/05/2007;01;05;10;17;47;58;
0872;02/06/2007;05;18;31;43;55;58;
0873;06/06/2007;04;19;30;34;57;59;
0874;09/06/2007;10;20;42;44;52;59;
0875;13/06/2007;18;20;24;36;53;58;
0876;16/06/2007;04;08;12;41;45;60;
0877;20/06/2007;13;15;20;28;31;36;
0878;23/06/2007;11;12;37;38;43;54;
0879;27/06/2007;10;28;29;35;42;46;
0880;30/06/2007;25;30;37;46;49;51;
0881;04/07/2007;04;18;24;43;51;56;
0882;07/07/2007;17;41;42;44;45;60;
0883;11/07/2007;21;32;37;52;53;60;
0884;14/07/2007;02;11;12;14;22;39;
0885;18/07/2007;04;13;31;33;47;51;
0886;21/07/2007;17;33;37;50;55;59;
0887;25/07/2007;01;12;21;32;34;44;
0888;28/07/2007;24;40;50;52;54;60;
0889;01/08/2007;20;24;34;39;54;60;
0890;04/08/2007;07;09;17;21;22;54;
0891;08/08/2007;15;16;19;22;34;35;
0892;11/08/2007;01;19;42;44;49;52;
0893;15/08/2007;03;18;26;51;53;56;
0894;18/08/2007;20;24;28;37;41;44;
0895;22/08/2007;02;41;43;55;57;58;
0896;25/08/2007;05;11;22;31;35;41;
0897;29/08/2007;07;21;22;43;46;57;
0898;01/09/2007;03;04;08;30;45;54;
0899;05/09/2007;18;20;36;53;54;58;
0900;08/09/2007;04;18;21;34;38;59;
0901;12/09/2007;13;16;32;33;34;56;
0902;15/09/2007;18;23;50;52;55;58;
0903;19/09/2007;05;17;20;32;41;55;
0904;22/09/2007;32;44;48;51;53;59;
0905;26/09/2007;02;04;15;16;55;57;
0906;29/09/2007;07;14;24;29;35;39;
0907;03/10/2007;09;36;37;41;51;53;
0908;06/10/2007;01;09;19;25;50;52;
0909;10/10/2007;17;22;26;28;38;42;
0910;13/10/2007;03;15;27;29;36;53;
0911;17/10/2007;01;06;28;29;46;49;
0912;20/10/2007;04;19;21;26;29;54;
0913;24/10/2007;14;30;36;38;46;59;
0914;27/10/2007;09;12;23;33;45;51;
0915;31/10/2007;17;20;26;28;48;49;
0916;03/11/2007;05;28;33;36;37;38;
0917;07/11/2007;23;25;30;46;47;59;
0918;10/11/2007;04;08;12;38;44;52;
0919;14/11/2007;03;25;31;41;43;60;
0920;17/11/2007;05;17;24;52;55;57;
0921;21/11/2007;01;09;35;41;48;57;
0922;24/11/2007;12;13;19;41;45;49;
0923;28/11/2007;02;15;39;50;53;57;
0924;01/12/2007;02;20;21;27;51;60;
0925;05/12/2007;08;22;36;37;46;52;
0926;08/12/2007;21;33;34;40;41;59;
0927;12/12/2007;19;23;26;31;33;36;
0928;15/12/2007;04;10;32;33;49;60;
0929;19/12/2007;16;27;35;39;49;57;
0930;22/12/2007;20;28;37;46;49;55;
0931;31/12/2007;07;17;19;34;36;39;
0932;05/01/2008;02;17;21;36;42;53;
0933;09/01/2008;08;14;25;39;45;51;
0934;12/01/2008;01;03;21;25;44;48;
0935;16/01/2008;07;13;18;29;31;45;
0936;19/01/2008;05;14;22;29;33;44;
0937;23/01/2008;02;21;22;30;41;52;
0938;26/01/2008;15;27;35;50;57;59;
0939;30/01/2008;06;19;23;37;49;50;
0940;02/02/2008;05;25;31;33;37;51;
0941;06/02/2008;10;11;15;27;53;60;
0942;09/02/2008;05;08;18;42;52;59;
0943;13/02/2008;03;12;23;41;47;58;
0944;16/02/2008;16;37;43;52;58;59;
0945;20/02/2008;04;08;27;44;54;59;
0946;23/02/2008;01;05;12;47;52;59;
0947;27/02/2008;03;05;11;14;33;58;
0948;01/03/2008;22;41;44;46;52;54;
0949;05/03/2008;01;23;41;44;51;52;
0950;08/03/2008;23;41;42;48;49;59;
0951;12/03/2008;14;24;34;39;49;55;
0952;15/03/2008;02;11;18;27;30;54;
0953;19/03/2008;01;16;39;42;48;55;
0954;22/03/2008;05;08;18;24;33;57;
0955;26/03/2008;05;12;21;32;33;35;
0956;29/03/2008;46;47;51;54;57;59;
0957;02/04/2008;24;25;32;34;50;57;
0958;05/04/2008;07;13;22;33;48;51;
0959;09/04/2008;03;05;11;33;39;57;
0960;12/04/2008;06;18;19;33;34;53;
0961;16/04/2008;02;04;16;21;36;53;
0962;19/04/2008;02;11;40;48;49;55;
0963;23/04/2008;15;17;37;48;50;59;
0964;26/04/2008;08;13;20;26;33;42;
0965;30/04/2008;05;30;36;39;57;58;
0966;03/05/2008;01;04;26;28;41;58;
0967;07/05/2008;05;13;14;18;30;57;
0968;10/05/2008;01;04;13;30;51;60;
0969;14/05/2008;13;25;35;41;50;56;
0970;17/05/2008;05;21;28;34;54;57;
0971;21/05/2008;04;11;14;33;44;45;
0972;24/05/2008;15;18;31;33;34;56;
0973;28/05/2008;01;08;30;36;47;53;
0974;31/05/2008;12;16;20;31;38;45;
0975;04/06/2008;09;30;33;37;40;41;
0976;07/06/2008;14;23;25;28;38;53;
0977;11/06/2008;03;05;07;09;17;32;
0978;14/06/2008;12;16;18;27;42;58;
0979;18/06/2008;03;15;28;31;39;51;
0980;21/06/2008;15;17;29;35;36;59;
0981;25/06/2008;01;08;34;41;53;58;
0982;28/06/2008;08;12;24;40;43;49;
0983;02/07/2008;16;22;32;38;40;45;
0984;05/07/2008;04;10;20;43;46;47;
0985;09/07/2008;04;16;18;46;56;59;
0986;12/07/2008;06;15;19;24;31;32;
0987;16/07/2008;13;27;31;34;47;58;
0988;19/07/2008;08;17;46;48;56;60;
0989;23/07/2008;02;21;27;29;32;38;
0990;26/07/2008;02;10;15;18;29;39;
0991;30/07/2008;08;09;15;38;41;60;
0992;02/08/2008;01;04;06;08;25;28;
0993;06/08/2008;05;24;25;26;42;60;
0994;09/08/2008;03;20;29;40;44;58;
0995;13/08/2008;04;16;31;36;54;55;
0996;16/08/2008;07;15;20;21;23;29;
0997;20/08/2008;09;17;18;32;53;55;
0998;23/08/2008;03;04;21;22;28;32;
0999;27/08/2008;18;24;36;44;55;58;
1000;30/08/2008;29;38;39;49;53;58;
1001;03/09/2008;12;15;27;37;51;60;
1002;06/09/2008;03;07;25;31;40;58;
1003;10/09/2008;05;10;16;23;26;27;
1004;13/09/2008;29;40;43;44;45;47;
1005;17/09/2008;04;06;12;37;41;42;
1006;20/09/2008;02;04;17;33;48;55;
1007;24/09/2008;04;27;36;37;49;52;
1008;27/09/2008;07;13;15;34;42;48;
1009;01/10/2008;01;06;12;29;34;58;
1010;04/10/2008;02;03;13;37;46;54;
1011;08/10/2008;02;11;21;30;35;52;
1012;11/10/2008;14;19;40;47;55;58;
1013;15/10/2008;07;09;12;19;20;41;
1014;18/10/2008;08;09;25;41;57;60;
1015;22/10/2008;03;08;17;26;28;49;
1016;25/10/2008;05;09;11;20;25;60;
1017;29/10/2008;06;19;31;34;51;56;
1018;01/11/2008;09;24;44;51;55;58;
1019;05/11/2008;04;13;23;29;46;47;
1020;08/11/2008;01;02;19;32;39;52;
1021;12/11/2008;02;33;42;43;51;55;
1022;16/11/2008;05;21;31;39;40;56;
1023;19/11/2008;02;07;08;18;40;45;
1024;22/11/2008;18;22;28;29;39;53;
1025;26/11/2008;10;27;28;29;40;52;
1026;29/11/2008;06;10;17;33;51;53;
1027;03/12/2008;18;20;33;44;47;60;
1028;06/12/2008;20;26;34;51;52;54;
1029;10/12/2008;05;16;17;20;24;32;
1030;13/12/2008;01;08;23;37;54;57;
1031;17/12/2008;24;33;40;43;46;49;
1032;20/12/2008;15;16;26;29;43;57;
1033;24/12/2008;05;06;17;33;39;54;
1034;27/12/2008;01;03;18;20;42;49;
1035;31/12/2008;01;11;26;51;59;60;
1036;03/01/2009;10;27;36;39;41;52;
1037;07/01/2009;04;36;44;46;53;56;
1038;10/01/2009;06;07;28;35;43;51;
1039;14/01/2009;02;20;24;27;36;52;
1040;17/01/2009;01;06;28;39;44;55;
1041;21/01/2009;10;12;36;44;54;57;
1042;24/01/2009;13;18;25;30;46;51;
1043;28/01/2009;14;21;25;48;51;60;
1044;31/01/2009;10;11;13;35;39;58;
1045;04/02/2009;01;05;06;17;31;50;
1046;07/02/2009;28;40;42;54;55;57;
1047;11/02/2009;01;02;08;10;14;48;
1048;14/02/2009;03;16;21;28;38;57;
1049;18/02/2009;02;05;17;29;34;52;
1050;21/02/2009;14;24;26;33;45;60;
1051;25/02/2009;07;10;11;13;43;57;
1052;28/02/2009;08;11;15;16;52;57;
1053;04/03/2009;15;27;34;42;49;53;
1054;07/03/2009;13;14;18;27;41;60;
1055;11/03/2009;12;15;16;20;27;32;
1056;14/03/2009;06;08;38;50;53;59;
1057;18/03/2009;02;03;04;15;49;59;
1058;21/03/2009;18;20;24;45;51;57;
1059;25/03/2009;01;12;14;16;37;45;
1060;28/03/2009;01;03;16;18;41;42;
1061;01/04/2009;09;21;23;30;41;56;
1061;01/04/2009;09;21;23;30;41;56;
1063;08/04/2009;01;22;44;47;49;50;
1064;11/04/2009;04;16;19;28;29;49;
1065;15/04/2009;07;19;30;39;43;57;
1066;18/04/2009;06;10;25;32;43;49;
1067;22/04/2009;04;10;14;25;28;56;
1068;25/04/2009;25;27;44;47;48;57;
1069;29/04/2009;09;17;28;45;49;53;
1070;02/05/2009;05;08;16;23;41;53;
1071;06/05/2009;05;07;37;43;53;54;
1072;09/05/2009;09;18;19;43;47;54;
1073;13/05/2009;08;25;32;34;36;44;
1074;16/05/2009;03;10;23;29;47;50;
1075;20/05/2009;10;12;16;21;39;53;
1076;23/05/2009;04;10;19;32;33;42;
1077;27/05/2009;05;06;09;11;18;37;
1078;30/05/2009;03;06;34;41;43;45;
1079;03/06/2009;05;12;24;28;36;37;
1080;06/06/2009;11;18;20;34;41;56;
1081;10/06/2009;09;16;24;29;52;56;
1082;13/06/2009;04;17;38;40;50;55;
1083;17/06/2009;10;20;23;28;42;43;
1084;20/06/2009;05;20;29;33;40;59;
1085;24/06/2009;12;21;39;40;50;55;
1086;27/06/2009;02;04;06;10;23;45;
1087;01/07/2009;03;20;28;32;36;46;
1088;04/07/2009;06;24;31;35;42;57;
1089;08/07/2009;02;18;20;32;37;48;
1090;11/07/2009;09;20;24;36;40;42;
1091;15/07/2009;17;23;24;27;49;56;
1092;18/07/2009;01;09;30;33;34;40;
1093;22/07/2009;19;23;27;38;41;49;
1094;25/07/2009;09;10;21;36;41;48;
1095;29/07/2009;10;16;21;23;27;36;
1096;01/08/2009;03;13;14;16;41;52;
1097;05/08/2009;01;17;21;33;48;56;
1098;08/08/2009;11;20;21;30;50;52;
1099;12/08/2009;14;31;35;38;44;55;
1100;15/08/2009;07;17;18;33;41;42;
1101;19/08/2009;06;07;10;12;24;57;
1102;22/08/2009;09;11;23;35;46;51;
1103;26/08/2009;10;19;28;41;55;56;
1104;29/08/2009;02;03;06;35;49;58;
1105;02/09/2009;01;15;28;43;50;57;
1106;05/09/2009;04;15;43;47;50;60;
1107;09/09/2009;03;09;20;36;53;54;
1108;12/09/2009;07;09;39;43;44;60;
1109;16/09/2009;06;08;11;14;29;52;
1110;19/09/2009;06;14;26;28;42;45;
1111;23/09/2009;04;09;25;32;33;43;
1112;26/09/2009;04;32;34;43;52;58;
1113;30/09/2009;03;06;29;36;47;59;
1114;03/10/2009;03;15;16;22;25;54;
1115;07/10/2009;18;30;37;41;44;50;
1116;10/10/2009;04;09;13;17;20;47;
1117;14/10/2009;01;06;17;27;35;40;
1118;17/10/2009;08;20;21;43;44;55;
1119;21/10/2009;10;34;41;44;45;54;
1120;24/10/2009;07;35;40;44;50;55;
1121;28/10/2009;04;17;18;54;56;59;
1122;31/10/2009;26;44;46;49;55;56;
1123;04/11/2009;04;14;19;39;45;60;
1124;07/11/2009;07;11;16;18;33;49;
1125;11/11/2009;03;07;29;33;42;56;
1126;14/11/2009;04;31;42;52;57;59;
1127;18/11/2009;05;08;14;24;29;30;
1128;21/11/2009;08;16;24;39;52;60;
1129;25/11/2009;12;17;19;32;47;55;
1130;28/11/2009;05;18;23;32;49;54;
1131;02/12/2009;01;08;16;34;36;49;
1132;05/12/2009;12;27;30;33;52;55;
1133;09/12/2009;05;10;16;21;39;58;
1134;12/12/2009;09;22;29;36;51;56;
1135;16/12/2009;04;05;06;19;23;39;
1136;19/12/2009;07;31;32;34;37;43;
1137;22/12/2009;19;21;25;28;43;50;
1138;24/12/2009;02;04;15;18;25;36;
1139;26/12/2009;09;28;31;36;37;42;
1140;31/12/2009;10;27;40;46;49;58;
1141;02/01/2010;09;37;40;50;58;60;
1142;06/01/2010;03;15;26;28;31;58;
1143;09/01/2010;03;30;35;44;47;60;
1144;13/01/2010;01;10;18;19;44;49;
1145;16/01/2010;03;16;19;24;33;60;
1146;20/01/2010;06;10;28;33;34;53;
1147;23/01/2010;06;23;31;33;39;52;
1148;27/01/2010;27;28;29;32;48;55;
1149;30/01/2010;07;08;23;36;46;54;
1150;03/02/2010;15;17;28;31;35;52;
1151;06/02/2010;01;04;14;21;25;51;
1151;06/02/2010;01;04;14;21;25;51;
1151;06/02/2010;01;04;14;21;25;51;
1154;17/02/2010;04;12;14;21;26;28;
1155;20/02/2010;20;28;40;41;51;58;
1152;10/02/2010;14;20;29;36;44;47;
1153;13/02/2010;06;17;19;34;46;55;
1158;03/03/2010;23;30;31;54;55;60;
1159;06/03/2010;05;06;34;46;53;55;
1160;10/03/2010;01;03;05;18;40;48;
1161;13/03/2010;04;07;42;47;48;51;
1162;17/03/2010;18;22;25;30;31;41;
1163;20/03/2010;05;17;31;47;51;53;
1164;24/03/2010;06;14;17;26;40;49;
1165;27/03/2010;20;40;42;52;54;60;
1166;31/03/2010;22;28;30;31;35;54;
1167;03/04/2010;20;28;43;51;52;56;
1168;07/04/2010;04;05;20;47;53;56;
1169;10/04/2010;01;11;14;23;42;48;
1170;14/04/2010;11;13;27;34;46;49;
1171;17/04/2010;03;10;13;30;41;57;
1172;20/04/2010;06;12;28;43;52;56;
1173;24/04/2010;05;07;24;25;36;47;
1174;28/04/2010;06;07;39;47;51;52;
1175;30/04/2010;02;03;12;16;37;47;
1176;05/05/2010;11;14;21;30;33;49;
1177;08/05/2010;33;38;47;50;52;55;
1178;12/05/2010;01;22;30;45;50;53;
1179;15/05/2010;05;22;28;47;59;60;
1180;19/05/2010;12;30;34;44;57;60;
1181;22/05/2010;18;20;26;31;44;45;
1182;26/05/2010;02;04;29;52;56;60;
1183;29/05/2010;05;10;12;20;29;37;
1184;02/06/2010;04;09;23;27;28;30;
1185;05/06/2010;02;10;21;35;43;54;
1186;09/06/2010;07;08;12;13;15;41;
1187;12/06/2010;08;17;19;40;43;49;
1188;16/06/2010;09;20;44;52;59;60;
1189;19/06/2010;14;21;27;31;35;50;
1190;23/06/2010;10;11;19;37;53;56;
1191;26/06/2010;03;11;16;22;25;33;
1192;30/06/2010;17;20;49;52;57;59;
1193;03/07/2010;02;09;12;14;32;54;
1194;07/07/2010;06;13;24;41;50;53;
1195;10/07/2010;17;20;26;27;55;57;
1196;14/07/2010;03;06;19;20;58;60;
1197;17/07/2010;36;37;39;49;54;60;
1198;21/07/2010;22;29;36;41;48;58;
1199;24/07/2010;16;19;23;28;39;58;
1200;28/07/2010;03;10;11;39;54;56;
1201;31/07/2010;28;32;36;49;55;60;
1202;04/08/2010;08;09;11;48;53;60;
1203;07/08/2010;07;09;30;33;38;55;
1204;11/08/2010;05;10;25;39;43;52;
1205;14/08/2010;04;13;14;26;29;35;
1206;18/08/2010;02;06;11;36;37;48;
1207;21/08/2010;09;11;22;32;35;56;
1208;25/08/2010;01;12;20;26;45;54;
1209;28/08/2010;05;14;17;30;35;38;
1210;01/09/2010;03;07;09;10;31;34;
1211;04/09/2010;03;15;31;36;48;54;
1212;08/09/2010;02;23;33;35;40;50;
1213;11/09/2010;03;11;26;34;45;53;
1214;15/09/2010;05;29;30;36;41;48;
1215;18/09/2010;10;25;30;47;50;51;
1216;22/09/2010;04;07;13;25;27;58;
1217;25/09/2010;05;11;15;28;43;50;
1218;29/09/2010;10;23;29;31;33;46;
1219;02/10/2010;02;33;34;37;41;53;
1220;06/10/2010;05;15;43;48;52;55;
1221;09/10/2010;05;14;37;43;46;58;
1222;13/10/2010;05;08;19;26;48;57;
1223;16/10/2010;15;17;35;42;47;48;
1224;20/10/2010;19;21;27;41;53;57;
1225;23/10/2010;31;32;34;40;50;55;
1226;27/10/2010;10;31;40;50;55;56;
1227;30/10/2010;04;28;30;31;35;54;
1228;03/11/2010;10;23;36;50;52;60;
1229;06/11/2010;12;30;32;40;49;60;
1230;10/11/2010;09;12;19;22;35;37;
1231;13/11/2010;05;20;23;27;39;49;
1232;17/11/2010;08;11;12;15;18;22;
1233;20/11/2010;22;29;32;49;54;59;
1234;24/11/2010;03;05;19;24;30;35;
1235;27/11/2010;10;16;20;26;49;55;
1236;01/12/2010;03;08;17;20;38;53;
1237;04/12/2010;05;18;21;26;39;59;
1238;08/12/2010;13;14;24;39;40;45;
1239;11/12/2010;01;15;37;39;48;52;
1240;15/12/2010;08;09;12;22;42;49;
1241;18/12/2010;10;13;25;26;28;45;
1242;20/12/2010;11;34;45;48;51;54;
1243;22/12/2010;09;19;23;29;32;57;
1244;24/12/2010;02;08;15;25;34;45;
1245;31/12/2010;02;10;34;37;43;50;
1246;05/01/2011;10;37;40;43;57;59;
1247;08/01/2011;03;09;11;24;36;51;
1248;12/01/2011;20;33;34;57;58;60;
1249;15/01/2011;03;08;36;40;51;53;
1250;19/01/2011;01;02;24;40;51;59;
1251;22/01/2011;05;27;34;46;48;52;
1252;26/01/2011;02;14;35;39;49;51;
1253;29/01/2011;02;17;23;43;44;51;
1254;02/02/2011;07;09;14;18;29;39;
1255;05/02/2011;05;23;38;39;51;54;
1256;09/02/2011;26;33;35;38;43;53;
1257;12/02/2011;02;15;26;27;30;52;
1258;16/02/2011;11;26;47;55;57;59;
1259;19/02/2011;04;06;39;46;54;58;
1260;23/02/2011;19;23;29;31;41;53;
1261;26/02/2011;10;14;22;41;42;53;
1262;02/03/2011;05;07;08;09;11;39;
1263;05/03/2011;04;18;26;36;41;53;
1264;09/03/2011;04;17;36;37;51;56;
1265;12/03/2011;13;19;24;46;50;60;
1266;16/03/2011;06;10;33;39;42;60;
1267;19/03/2011;04;20;30;41;47;58;
1268;23/03/2011;03;16;17;44;53;60;
1269;26/03/2011;04;05;15;17;27;51;
1270;30/03/2011;05;09;24;31;33;42;
1271;02/04/2011;01;02;39;48;52;59;
1272;06/04/2011;13;26;27;28;35;52;
1273;09/04/2011;13;19;26;40;58;60;
1274;13/04/2011;13;17;21;39;40;59;
1275;16/04/2011;02;14;48;55;58;60;
1276;20/04/2011;05;09;11;22;36;40;
1277;23/04/2011;12;18;31;50;59;60;
1278;27/04/2011;04;16;24;25;30;56;
1279;30/04/2011;08;14;29;35;36;40;
1280;04/05/2011;06;10;16;20;29;54;
1281;07/05/2011;08;11;14;30;36;38;
1282;11/05/2011;04;23;39;52;55;56;
1283;14/05/2011;08;30;40;44;59;60;
1284;18/05/2011;20;21;26;29;31;36;
1285;21/05/2011;10;15;28;31;33;38;
1286;25/05/2011;02;05;28;33;51;52;
1287;28/05/2011;11;12;31;33;42;52;
1288;01/06/2011;17;30;32;40;42;56;
1289;04/06/2011;01;03;08;13;27;52;
1290;08/06/2011;02;03;14;23;34;50;
1291;11/06/2011;18;40;47;54;57;58;
1292;15/06/2011;09;11;23;30;31;54;
1293;18/06/2011;01;13;24;40;44;50;
1294;22/06/2011;04;06;29;48;50;51;
1295;25/06/2011;02;05;15;20;43;57;
1296;29/06/2011;10;14;43;46;49;53;
1297;02/07/2011;02;05;11;13;56;59;
1298;06/07/2011;14;15;30;53;55;60;
1299;09/07/2011;08;22;32;43;53;56;
1300;13/07/2011;43;44;46;53;54;59;
1301;16/07/2011;03;16;23;25;51;56;
1302;20/07/2011;02;10;15;44;56;57;
1303;23/07/2011;08;19;46;51;52;54;
1304;27/07/2011;07;14;15;20;23;35;
1305;30/07/2011;03;05;11;36;44;46;
1306;03/08/2011;06;19;22;34;43;45;
1307;06/08/2011;07;10;32;43;47;54;
1308;09/08/2011;07;08;24;30;33;47;
1309;11/08/2011;07;12;25;26;32;39;
1310;13/08/2011;08;09;14;32;53;59;
1311;17/08/2011;07;09;12;19;45;54;
1312;20/08/2011;05;20;22;28;29;30;
1313;24/08/2011;01;04;26;39;43;49;
1314;27/08/2011;38;42;44;52;58;60;
1315;31/08/2011;01;27;29;38;50;52;
1316;03/09/2011;08;13;25;34;42;48;
1317;08/09/2011;06;13;29;30;35;37;
1318;10/09/2011;11;14;16;28;34;46;
1319;14/09/2011;04;05;16;18;27;51;
1320;17/09/2011;17;24;25;38;41;55;
1321;21/09/2011;10;47;51;53;59;60;
1322;24/09/2011;10;21;43;47;53;55;
1323;28/09/2011;06;15;25;37;48;55;
1324;01/10/2011;18;29;31;44;51;57;
1325;05/10/2011;02;05;16;20;35;43;
1326;08/10/2011;10;11;18;19;30;50;
1327;13/10/2011;16;35;36;41;52;54;
1328;15/10/2011;10;23;27;43;53;59;
1329;19/10/2011;07;08;11;39;43;50;
1330;22/10/2011;08;18;21;30;48;49;
1331;26/10/2011;09;24;26;39;46;57;
1332;29/10/2011;03;05;13;24;35;59;
1333;03/11/2011;25;26;28;33;42;51;
1334;05/11/2011;01;06;08;10;25;27;
1335;09/11/2011;03;14;20;22;49;51;
1336;12/11/2011;01;32;38;47;51;54;
1337;16/11/2011;02;20;35;38;45;51;
1338;19/11/2011;01;18;19;33;43;60;
1339;23/11/2011;07;10;14;16;54;59;
1340;26/11/2011;13;21;30;36;59;60;
1341;30/11/2011;01;11;20;37;40;52;
1342;03/12/2011;05;07;42;46;50;60;
1343;07/12/2011;19;20;31;42;51;56;
1344;10/12/2011;08;19;21;36;42;59;
1345;14/12/2011;07;17;19;26;40;50;
1346;17/12/2011;12;32;40;47;48;59;
1347;20/12/2011;09;19;45;46;54;56;
1348;22/12/2011;07;12;38;39;45;56;
1349;24/12/2011;09;19;20;50;51;60;
1350;31/12/2011;03;04;29;36;45;55;
1351;04/01/2012;13;33;36;41;50;56;
1352;07/01/2012;09;18;24;35;36;59;
1353;11/01/2012;03;11;13;27;32;47;
1354;14/01/2012;02;08;38;42;48;49;
1355;18/01/2012;11;17;24;39;46;49;
1356;21/01/2012;06;13;21;22;31;46;
1357;25/01/2012;01;19;24;26;52;55;
1358;28/01/2012;03;15;16;35;37;47;
1359;01/02/2012;06;10;12;17;28;53;
1360;04/02/2012;02;16;17;25;50;54;
1361;08/02/2012;23;27;30;37;38;44;
1362;11/02/2012;02;12;19;22;36;58;
1363;15/02/2012;25;35;42;45;52;57;
1364;18/02/2012;10;13;20;40;44;53;
1365;22/02/2012;02;24;26;32;35;50;
1366;25/02/2012;12;27;37;44;54;59;
1367;01/03/2012;02;07;13;29;38;43;
1368;03/03/2012;10;21;26;29;32;38;
1369;07/03/2012;05;16;24;32;38;46;
1370;10/03/2012;02;04;05;27;49;59;
1371;14/03/2012;03;04;08;11;47;49;
1372;17/03/2012;03;36;40;46;58;60;
1373;21/03/2012;07;27;39;52;55;57;
1374;24/03/2012;06;21;28;31;33;43;
1375;28/03/2012;14;25;28;45;53;58;
1376;31/03/2012;09;11;21;49;53;54;
1377;04/04/2012;02;05;12;13;25;35;
1378;07/04/2012;02;05;17;18;54;59;
1379;11/04/2012;05;12;36;45;50;58;
1380;14/04/2012;03;14;52;55;57;60;
1381;18/04/2012;11;27;30;40;44;57;
1382;20/04/2012;05;13;16;17;27;55;
1383;25/04/2012;07;09;23;44;46;55;
1384;28/04/2012;02;18;30;31;45;56;
1385;02/05/2012;27;35;36;37;42;59;
1386;05/05/2012;12;28;38;39;51;56;
1387;09/05/2012;18;27;32;43;50;52;
1388;12/05/2012;22;29;31;43;50;54;
1389;16/05/2012;01;16;28;39;44;57;
1390;19/05/2012;04;19;27;28;29;31;
1391;23/05/2012;07;12;19;34;40;53;
1392;26/05/2012;02;08;12;28;33;43;
1393;30/05/2012;04;18;24;28;39;44;
1394;02/06/2012;11;16;24;35;46;50;
1395;06/06/2012;05;11;17;19;44;48;
1396;09/06/2012;29;48;52;54;55;58;
1397;13/06/2012;03;04;07;15;27;56;
1398;16/06/2012;14;32;33;40;42;51;
1399;20/06/2012;34;39;43;56;57;60;
1400;23/06/2012;09;26;34;43;53;54;
1401;27/06/2012;11;12;25;33;48;54;
1402;30/06/2012;02;09;10;21;27;38;
1403;04/07/2012;13;16;20;26;39;42;
1404;07/07/2012;07;08;27;31;32;51;
1405;11/07/2012;03;14;17;32;37;39;
1406;14/07/2012;07;10;17;24;38;57;
1407;18/07/2012;18;29;31;42;43;53;
1408;21/07/2012;04;19;20;24;39;43;
1409;25/07/2012;06;19;26;47;50;58;
1410;28/07/2012;18;29;40;42;50;54;
1411;01/08/2012;08;12;32;44;46;48;
1412;04/08/2012;06;08;24;37;41;45;
1413;07/08/2012;13;15;33;45;54;55;
1414;09/08/2012;21;37;44;46;49;57;
1415;11/08/2012;26;36;40;46;49;51;
1416;15/08/2012;03;19;22;24;35;49;
1417;18/08/2012;05;12;45;52;56;59;
1418;22/08/2012;07;08;10;12;27;56;
1419;25/08/2012;17;21;30;48;52;58;
1420;29/08/2012;02;11;16;18;36;45;
1421;01/09/2012;19;31;39;44;53;59;
1422;05/09/2012;02;05;13;17;39;44;
1423;08/09/2012;03;08;21;25;27;43;
1424;12/09/2012;03;07;15;29;38;60;
1425;15/09/2012;07;16;29;36;38;50;
1426;19/09/2012;06;15;18;24;30;44;
1427;22/09/2012;08;39;44;47;53;56;
1428;26/09/2012;07;15;19;34;37;55;
1429;29/09/2012;09;12;22;39;48;60;
1430;03/10/2012;02;19;22;30;46;52;
1431;06/10/2012;05;09;13;33;40;54;
1432;10/10/2012;16;24;25;42;45;59;
1433;13/10/2012;04;13;14;40;46;52;
1434;17/10/2012;03;18;22;34;55;58;
1435;20/10/2012;04;15;45;47;50;52;
1436;24/10/2012;01;13;23;24;30;57;
1437;27/10/2012;22;23;26;37;38;48;
1438;31/10/2012;07;14;31;33;36;49;
1439;03/11/2012;02;34;35;42;43;55;
1440;07/11/2012;02;06;28;36;51;56;
1441;10/11/2012;17;29;36;38;53;56;
1442;14/11/2012;12;13;20;30;34;49;
1443;17/11/2012;12;20;32;48;52;54;
1444;21/11/2012;02;05;27;28;48;55;
1445;24/11/2012;05;19;32;41;49;58;
1446;28/11/2012;06;13;24;32;40;51;
1447;01/12/2012;01;19;28;33;39;41;
1448;05/12/2012;01;25;29;36;56;60;
1449;08/12/2012;02;06;18;30;52;56;
1450;12/12/2012;26;27;31;38;44;45;
1451;15/12/2012;02;10;11;33;52;57;
1452;18/12/2012;02;14;28;50;57;58;
1453;20/12/2012;06;13;25;32;47;57;
1454;22/12/2012;04;27;29;41;48;52;
1455;31/12/2012;14;32;33;36;41;52;
1456;02/01/2013;06;08;14;26;36;40;
1457;05/01/2013;15;16;34;42;46;59;
1458;09/01/2013;02;04;16;33;44;51;
1459;12/01/2013;02;06;30;34;35;52;
1460;16/01/2013;04;14;27;38;50;52;
1461;19/01/2013;31;36;44;47;49;54;
1462;23/01/2013;05;09;25;27;38;40;
1463;26/01/2013;13;22;28;29;40;48;
1464;30/01/2013;02;24;32;50;54;59;
1465;02/02/2013;06;11;16;26;44;53;
1466;06/02/2013;04;06;13;34;37;51;
1467;09/02/2013;23;24;26;41;52;53;
1468;13/02/2013;01;02;10;19;20;37;
1469;16/02/2013;04;13;35;54;56;58;
1470;20/02/2013;02;34;36;38;51;55;
1471;23/02/2013;10;25;33;36;40;58;
1472;27/02/2013;12;18;23;25;45;50;
1473;02/03/2013;02;12;33;57;58;60;
1474;06/03/2013;01;02;03;11;28;43;
1475;09/03/2013;12;13;37;44;48;51;
1476;13/03/2013;04;10;26;37;47;57;
1477;16/03/2013;03;04;46;50;56;59;
1478;20/03/2013;10;27;37;40;47;55;
1479;23/03/2013;21;48;50;54;57;60;
1480;27/03/2013;09;14;21;26;36;52;
1481;30/03/2013;17;27;28;40;44;55;
1482;03/04/2013;06;09;11;34;41;53;
1483;06/04/2013;01;35;39;53;55;56;
1484;10/04/2013;17;20;24;29;49;53;
1485;13/04/2013;04;27;30;36;54;59;
1486;17/04/2013;01;06;10;34;40;54;
1487;20/04/2013;04;09;17;23;28;53;
1488;24/04/2013;04;22;25;38;45;51;
1489;27/04/2013;01;15;24;26;28;48;
1490;02/05/2013;01;03;31;32;43;52;
1491;04/05/2013;06;26;45;50;56;60;
1492;08/05/2013;04;09;18;44;46;48;
1493;11/05/2013;07;12;24;27;30;49;
1494;15/05/2013;02;14;24;28;35;50;
1495;18/05/2013;04;13;14;44;49;57;
1496;22/05/2013;14;18;28;41;47;54;
1497;25/05/2013;04;05;07;27;45;58;
1498;29/05/2013;06;11;27;40;46;49;
1499;01/06/2013;08;22;26;33;37;54;
1500;05/06/2013;10;18;31;43;57;59;
1501;08/06/2013;01;07;13;29;37;54;
1502;12/06/2013;06;22;43;51;52;57;
1503;15/06/2013;03;04;16;22;36;42;
1504;19/06/2013;02;10;12;30;41;42;
1505;22/06/2013;01;02;06;09;16;32;
1506;26/06/2013;03;14;18;34;42;49;
1507;29/06/2013;24;46;50;51;52;56;
1508;03/07/2013;17;18;30;35;39;58;
1509;06/07/2013;01;06;27;46;51;59;
1510;10/07/2013;01;08;17;44;46;53;
1511;13/07/2013;04;08;17;29;31;45;
1512;17/07/2013;11;28;35;42;46;58;
1513;20/07/2013;17;28;31;56;57;58;
1514;24/07/2013;16;17;23;42;59;60;
1515;27/07/2013;04;13;14;18;49;59;
1516;31/07/2013;04;18;20;34;45;60;
1517;03/08/2013;07;17;38;45;52;56;
1518;06/08/2013;08;09;28;41;48;55;
1519;08/08/2013;05;06;15;23;56;59;
1520;10/08/2013;07;31;35;36;46;48;
1521;14/08/2013;11;14;18;30;33;39;
1522;17/08/2013;05;08;23;32;33;56;
1523;21/08/2013;22;25;31;39;41;44;
1524;24/08/2013;02;12;40;46;52;53;
1525;28/08/2013;02;26;30;35;46;54;
1526;31/08/2013;10;16;28;47;51;59;
1527;04/09/2013;16;32;36;42;44;48;
1528;06/09/2013;04;13;15;19;36;58;
1529;11/09/2013;11;15;17;34;35;49;
1530;14/09/2013;10;16;28;33;48;53;
1531;18/09/2013;12;13;24;41;42;44;
1532;21/09/2013;02;11;23;31;42;44;
1533;25/09/2013;13;21;29;34;47;57;
1534;28/09/2013;01;12;28;29;34;48;
1535;02/10/2013;08;09;25;41;54;55;
1536;05/10/2013;13;18;29;32;50;58;
1537;09/10/2013;06;10;33;50;51;56;
1538;11/10/2013;23;27;35;52;53;57;
1539;16/10/2013;08;10;20;26;49;58;
1540;19/10/2013;03;17;27;32;47;54;
1541;23/10/2013;05;24;37;44;49;58;
1542;26/10/2013;07;11;12;30;39;57;
1543;30/10/2013;07;15;20;23;30;41;
1544;01/11/2013;02;21;30;35;45;50;
1545;06/11/2013;04;06;11;24;45;48;
1546;09/11/2013;04;17;38;44;53;60;
1547;13/11/2013;02;09;10;18;21;28;
1548;16/11/2013;19;41;42;44;47;54;
1549;20/11/2013;10;12;16;20;32;53;
1550;23/11/2013;09;13;21;27;36;56;
1551;27/11/2013;02;15;19;21;23;38;
1552;30/11/2013;07;18;24;26;39;46;
1553;04/12/2013;20;21;22;29;46;60;
1554;07/12/2013;30;32;49;50;52;53;
1555;11/12/2013;02;05;23;33;52;59;
1556;14/12/2013;01;04;07;10;11;52;
1557;17/12/2013;04;16;18;31;45;46;
1558;19/12/2013;07;15;17;31;42;54;
1559;21/12/2013;08;12;16;29;37;58;
1560;31/12/2013;20;30;36;38;47;53;
1561;02/01/2014;23;26;28;54;55;60;
1562;04/01/2014;10;12;23;37;47;51;
1563;09/01/2014;01;06;13;20;36;43;
1564;11/01/2014;25;38;44;46;53;54;
1565;15/01/2014;18;37;39;41;43;51;
1566;18/01/2014;05;06;11;32;36;60;
1567;22/01/2014;02;15;30;38;48;53;
1568;25/01/2014;19;24;25;28;42;58;
1569;29/01/2014;05;15;18;31;42;53;
1570;01/02/2014;15;18;24;42;46;56;
1571;05/02/2014;03;29;32;46;55;60;
1572;08/02/2014;20;27;42;45;46;47;
1573;12/02/2014;07;16;21;35;36;38;
1574;15/02/2014;06;27;28;33;46;48;
1575;19/02/2014;01;04;05;14;45;56;
1576;22/02/2014;13;15;21;26;30;46;
1577;26/02/2014;11;14;25;32;51;59;
1578;01/03/2014;03;06;30;37;53;56;
1579;05/03/2014;25;34;40;49;51;60;
1580;08/03/2014;01;06;14;17;33;36;
1581;12/03/2014;14;15;25;30;31;34;
1582;15/03/2014;01;04;13;17;38;48;
1583;19/03/2014;02;09;17;18;45;47;
1584;22/03/2014;03;22;27;28;50;54;
1585;26/03/2014;02;43;47;48;49;55;
1586;29/03/2014;08;39;43;46;47;58;
1587;02/04/2014;08;19;21;30;52;56;
1588;05/04/2014;23;29;32;36;45;49;
1589;09/04/2014;04;05;11;19;41;51;
1590;12/04/2014;07;20;34;40;44;55;
1591;16/04/2014;04;10;23;33;38;55;
1592;19/04/2014;31;36;38;41;42;49;
1593;23/04/2014;04;09;17;18;21;38;
1594;26/04/2014;06;07;08;23;43;53;
1595;30/04/2014;02;05;08;42;46;59;
1596;03/05/2014;01;05;07;10;12;45;
1597;07/05/2014;05;10;16;44;50;52;
1598;10/05/2014;29;31;36;42;47;53;
1599;14/05/2014;03;10;15;35;36;58;
1600;17/05/2014;09;23;32;35;46;57;
1601;21/05/2014;08;10;24;45;56;60;
1602;24/05/2014;08;12;22;35;40;44;
1603;28/05/2014;13;20;27;31;53;60;
1604;31/05/2014;02;21;24;27;40;51;
1605;04/06/2014;09;19;21;30;31;42;
1606;07/06/2014;01;15;37;42;46;54;
1607;11/06/2014;07;31;32;41;51;52;
1608;14/06/2014;05;06;17;43;54;59;
1609;18/06/2014;02;06;13;26;53;60;
1610;21/06/2014;01;04;09;35;36;53;
1611;25/06/2014;24;28;47;50;51;58;
1612;28/06/2014;06;13;17;36;42;51;
1613;02/07/2014;04;18;31;44;46;49;
1614;05/07/2014;14;17;21;27;43;49;
1615;09/07/2014;05;20;26;31;33;44;
1616;12/07/2014;28;31;40;42;46;58;
1617;16/07/2014;03;23;26;31;47;54;
1618;19/07/2014;09;20;24;43;51;52;
1619;23/07/2014;05;08;17;42;46;47;
1620;26/07/2014;13;23;27;34;38;57;
1621;30/07/2014;10;22;24;38;39;49;
1622;02/08/2014;04;05;07;21;45;53;
1623;05/08/2014;33;43;49;50;56;59;
1624;07/08/2014;02;27;32;41;47;58;
1625;09/08/2014;11;22;36;40;45;52;
1626;13/08/2014;03;05;14;35;43;52;
1627;16/08/2014;20;26;32;41;45;57;
1628;20/08/2014;26;29;34;38;50;60;
1629;23/08/2014;04;20;24;35;47;59;
1630;27/08/2014;01;07;30;43;44;54;
1631;30/08/2014;04;29;44;47;48;60;
1632;03/09/2014;06;18;24;27;56;59;
1633;06/09/2014;01;02;11;13;36;49;
1634;10/09/2014;09;10;23;33;44;51;
1635;13/09/2014;08;23;28;30;32;51;
1636;17/09/2014;19;26;33;35;51;52;
1637;20/09/2014;01;05;24;47;55;56;
1638;24/09/2014;01;02;38;41;42;58;
1639;27/09/2014;16;29;34;35;49;51;
1640;01/10/2014;02;06;18;23;31;46;
1641;04/10/2014;23;29;30;33;46;51;
1642;08/10/2014;03;23;42;43;47;60;
1643;11/10/2014;16;19;20;28;37;60;
1644;15/10/2014;10;13;16;22;34;60;
1645;18/10/2014;08;18;21;31;37;38;
1646;22/10/2014;19;23;34;40;41;58;
1647;25/10/2014;12;17;23;38;53;54;
1648;29/10/2014;15;16;18;20;22;48;
1649;01/11/2014;24;33;38;42;44;54;
1650;05/11/2014;17;23;29;38;57;60;
1651;08/11/2014;08;27;35;38;41;44;
1652;12/11/2014;07;24;26;28;44;57;
1653;14/11/2014;01;21;22;27;32;45;
1654;19/11/2014;07;16;33;42;50;58;
1655;22/11/2014;07;24;28;46;53;56;
1656;26/11/2014;04;06;11;43;54;56;
1657;29/11/2014;07;10;14;37;45;54;
1658;03/12/2014;07;11;19;23;40;49;
1659;06/12/2014;04;10;20;33;37;49;
1660;10/12/2014;08;17;34;38;42;51;
1661;13/12/2014;13;16;27;43;48;58;
1662;17/12/2014;10;14;25;29;33;57;
1663;20/12/2014;18;20;27;40;49;55;
1664;24/12/2014;08;21;23;29;36;48;
1665;31/12/2014;01;05;11;16;20;56;
1666;03/01/2015;01;02;23;27;45;51;
1667;07/01/2015;07;12;24;44;51;56;
1668;10/01/2015;05;40;47;52;55;57;
1669;14/01/2015;28;29;31;45;48;49;
1670;17/01/2015;01;17;19;30;33;47;
1671;21/01/2015;21;27;31;45;55;56;
1672;24/01/2015;01;03;05;10;20;42;
1673;28/01/2015;05;10;23;24;35;47;
1674;31/01/2015;22;30;42;50;58;59;
1675;04/02/2015;03;18;34;35;36;56;
1676;07/02/2015;01;02;11;37;48;51;
1677;11/02/2015;10;15;28;33;51;52;
1678;14/02/2015;09;11;17;19;35;52;
1679;18/02/2015;01;02;27;28;46;47;
1680;21/02/2015;23;37;38;46;47;51;
1681;25/02/2015;01;06;08;11;33;50;
1682;28/02/2015;07;13;35;37;39;51;
1683;04/03/2015;04;12;32;33;34;48;
1684;07/03/2015;09;12;18;31;39;50;
1685;11/03/2015;03;18;31;39;46;51;
1686;14/03/2015;09;14;37;44;46;55;
1687;18/03/2015;15;24;37;46;49;58;
1688;21/03/2015;18;23;30;32;42;56;
1689;25/03/2015;02;05;13;27;41;53;
1690;28/03/2015;21;24;26;35;45;53;
1691;01/04/2015;01;10;24;39;45;58;
1692;04/04/2015;11;13;14;27;44;56;
1693;08/04/2015;05;15;18;19;21;38;
1694;11/04/2015;20;29;34;37;45;57;
1695;15/04/2015;24;36;38;43;44;58;
1696;18/04/2015;01;12;17;31;37;46;
1697;22/04/2015;08;23;30;51;53;58;
1698;25/04/2015;11;13;24;28;44;45;
1699;29/04/2015;01;06;10;30;33;38;
1700;02/05/2015;15;18;41;48;50;58;
1701;05/05/2015;03;09;18;32;40;56;
1702;07/05/2015;17;19;33;35;39;52;
1703;09/05/2015;03;23;26;35;39;49;
1704;13/05/2015;01;07;11;32;51;59;
1705;16/05/2015;25;27;29;37;50;51;
1706;20/05/2015;12;31;34;36;48;56;
1707;23/05/2015;07;16;20;27;36;52;
1708;27/05/2015;17;29;32;38;45;50;
1709;30/05/2015;07;19;30;35;42;47;
1710;03/06/2015;07;21;28;56;58;59;
1711;06/06/2015;22;26;38;39;45;50;
1712;10/06/2015;02;12;19;29;50;59;
1713;13/06/2015;03;10;16;23;27;29;
1714;17/06/2015;02;08;24;36;51;52;
1715;20/06/2015;16;20;35;40;53;60;
1716;24/06/2015;02;25;36;41;42;53;
1717;27/06/2015;02;09;16;37;44;58;
1718;01/07/2015;04;30;31;32;47;53;
1719;04/07/2015;01;22;31;34;44;54;
1720;07/07/2015;18;23;31;39;49;57;
1721;09/07/2015;04;12;19;33;36;38;
1722;11/07/2015;09;23;39;41;49;58;
1723;15/07/2015;14;27;30;46;52;60;
1724;18/07/2015;27;33;37;39;58;60;
1725;22/07/2015;16;18;26;30;31;34;
1726;25/07/2015;03;10;42;49;54;57;
1727;29/07/2015;04;06;19;20;40;41;
1728;01/08/2015;03;08;28;39;42;59;
1729;04/08/2015;07;14;23;43;44;53;
1730;06/08/2015;01;10;17;24;42;51;
1731;08/08/2015;05;18;27;43;49;59;
1732;12/08/2015;25;34;38;45;53;60;
1733;15/08/2015;03;05;09;14;41;46;
1734;19/08/2015;12;17;25;29;41;52;
1735;22/08/2015;06;16;33;34;45;46;
1736;26/08/2015;12;13;24;29;32;41;
1737;29/08/2015;05;08;42;50;51;59;
1738;02/09/2015;12;28;37;46;48;53;
1739;05/09/2015;09;10;17;32;34;46;
1740;09/09/2015;10;15;25;38;47;53;
1741;12/09/2015;15;18;20;32;48;49;
1742;16/09/2015;11;19;21;23;27;52;
1743;19/09/2015;04;10;29;31;34;35;
1744;23/09/2015;09;12;14;29;42;56;
1745;26/09/2015;09;13;18;47;52;60;
1746;30/09/2015;06;18;37;40;41;58;
1747;03/10/2015;06;33;34;48;53;59;
1748;07/10/2015;02;10;13;41;49;53;
1749;10/10/2015;03;13;14;29;33;43;
1750;13/10/2015;15;17;20;31;41;48;
1751;15/10/2015;15;22;23;42;51;57;
1752;17/10/2015;09;36;37;53;55;60;
1753;21/10/2015;08;15;29;35;45;54;
1754;24/10/2015;20;27;30;31;40;53;
1755;28/10/2015;02;05;08;18;30;48;
1756;31/10/2015;06;13;14;28;35;45;
1757;04/11/2015;13;25;28;37;43;56;
1758;07/11/2015;06;11;16;23;36;42;
1759;10/11/2015;02;14;21;22;51;60;
1760;13/11/2015;10;24;25;36;47;48;
1761;14/11/2015;09;10;36;50;53;55;
1762;18/11/2015;26;32;42;45;55;59;
1763;21/11/2015;09;12;15;21;31;36;
1764;25/11/2015;06;07;29;39;41;55;
1765;28/11/2015;01;06;28;37;56;58;
1766;02/12/2015;22;23;41;46;53;60;
1767;05/12/2015;16;26;35;39;44;45;
1768;09/12/2015;05;07;11;34;35;50;
1769;12/12/2015;32;37;44;47;54;60;
1770;16/12/2015;11;26;27;30;34;41;
1771;19/12/2015;02;20;27;28;32;38;
1772;22/12/2015;12;19;27;39;41;45;
1773;24/12/2015;15;30;39;41;45;59;
1774;26/12/2015;01;12;20;30;52;60;
1775;31/12/2015;02;18;31;42;51;56;
1776;02/01/2016;10;11;14;19;39;48;
1777;06/01/2016;04;19;38;44;52;55;
1778;09/01/2016;04;10;38;40;45;48;
1779;12/01/2016;12;25;30;39;56;57;
1780;14/01/2016;06;20;22;31;33;34;
1781;16/01/2016;01;08;22;49;52;53;
1782;20/01/2016;06;18;34;47;52;57;
1783;23/01/2016;04;06;16;18;21;38;
1784;27/01/2016;04;15;26;30;54;55;
1785;30/01/2016;05;11;27;41;42;54;
1786;02/02/2016;02;06;08;21;25;34;
1787;04/02/2016;01;05;13;25;26;29;
1788;06/02/2016;03;13;42;45;56;59;
1789;10/02/2016;06;25;43;57;58;59;
1790;13/02/2016;11;13;26;27;28;50;
1791;17/02/2016;12;18;46;50;53;55;
1792;20/02/2016;02;16;17;18;41;47;
1793;24/02/2016;13;14;22;54;56;58;
1794;27/02/2016;01;05;34;37;40;60;
1795;02/03/2016;30;42;47;50;55;58;
1796;05/03/2016;22;23;34;48;53;54;
1797;08/03/2016;02;13;14;35;54;57;
1798;10/03/2016;02;09;23;28;45;53;
1799;12/03/2016;01;03;04;39;51;53;
1800;16/03/2016;06;11;16;19;31;56;
1801;19/03/2016;06;19;34;43;45;54;
1802;23/03/2016;02;06;13;14;17;44;
1803;26/03/2016;04;08;29;38;49;50;
1804;30/03/2016;20;21;28;48;50;59;
1805;02/04/2016;17;22;27;31;49;57;
1806;06/04/2016;11;20;35;42;55;58;
1807;09/04/2016;01;15;16;22;25;43;
1808;13/04/2016;02;14;20;25;41;45;
1809;16/04/2016;09;12;23;24;46;54;
1810;20/04/2016;01;10;25;43;50;56;
1811;23/04/2016;05;17;32;35;37;57;
1812;27/04/2016;20;23;32;34;37;45;
1813;30/04/2016;09;11;13;15;19;51;
1814;03/05/2016;09;11;27;46;51;53;
1815;05/05/2016;08;11;25;39;41;60;
1816;07/05/2016;05;10;12;22;28;46;
1817;11/05/2016;01;04;26;39;47;55;
1818;14/05/2016;02;06;10;15;53;56;
1819;18/05/2016;17;18;26;30;33;37;
1820;21/05/2016;03;19;23;27;40;45;
1821;25/05/2016;19;22;31;36;52;53;
1822;28/05/2016;01;22;26;43;50;53;
1823;01/06/2016;04;09;21;34;54;59;
1824;04/06/2016;05;06;12;19;30;60;
1825;07/06/2016;10;11;21;50;51;54;
1826;09/06/2016;17;19;32;43;48;51;
1827;11/06/2016;26;33;42;43;53;54;
1828;15/06/2016;06;11;32;40;48;59;
1829;18/06/2016;07;13;24;30;32;53;
1830;22/06/2016;03;07;29;37;54;60;
1831;25/06/2016;15;27;28;32;48;55;
1832;29/06/2016;14;34;46;47;56;57;
1833;02/07/2016;02;03;07;16;27;42;
1834;06/07/2016;02;17;22;24;48;51;
1835;09/07/2016;08;28;36;47;50;58;
1836;12/07/2016;08;15;18;45;59;60;
1837;14/07/2016;41;44;48;50;54;57;
1838;16/07/2016;05;08;24;30;57;59;
1839;20/07/2016;07;22;28;32;56;58;
1840;23/07/2016;15;17;33;41;47;48;
1841;27/07/2016;03;06;13;38;49;51;
1842;30/07/2016;16;18;22;24;34;43;
1843;03/08/2016;08;26;28;33;41;54;
1844;06/08/2016;03;04;37;39;48;50;
1845;09/08/2016;03;09;13;29;30;51;
1846;11/08/2016;06;24;26;30;34;49;
1847;13/08/2016;01;06;45;49;50;57;
1848;17/08/2016;09;40;41;50;55;58;
1849;20/08/2016;03;05;11;27;35;44;
1850;24/08/2016;23;24;32;38;40;41;
1851;27/08/2016;08;18;21;22;35;37;
1852;31/08/2016;13;17;29;45;49;50;
1853;03/09/2016;01;02;34;39;41;45;
1854;08/09/2016;25;30;31;34;43;59;
1855;10/09/2016;06;10;15;24;38;39;
1856;14/09/2016;02;09;14;22;32;37;
1857;17/09/2016;13;23;25;35;52;53;
1858;20/09/2016;22;28;30;33;55;59;
1859;22/09/2016;01;13;14;21;26;51;
1860;24/09/2016;10;30;36;40;44;60;
1861;28/09/2016;02;04;09;35;45;60;
1862;01/10/2016;02;08;35;42;49;56;
1863;05/10/2016;16;23;45;56;58;59;
1864;08/10/2016;04;05;14;37;40;60;
1865;13/10/2016;01;05;31;32;37;42;
1866;15/10/2016;14;17;36;38;44;60;
1867;18/10/2016;03;10;17;21;22;43;
1868;20/10/2016;01;05;23;25;28;31;
1869;22/10/2016;11;23;24;26;40;52;
1870;26/10/2016;18;20;30;32;33;40;
1871;29/10/2016;03;11;17;33;52;58;
1872;03/11/2016;11;13;25;39;46;56;
1873;05/11/2016;05;25;28;41;53;54;
1874;08/11/2016;10;28;37;43;44;47;
1875;10/11/2016;01;45;47;52;53;55;
1876;12/11/2016;07;18;39;41;44;51;
1877;16/11/2016;13;16;23;24;32;35;
1878;19/11/2016;12;16;26;40;56;57;
1879;23/11/2016;05;10;20;57;58;59;
1880;26/11/2016;05;16;19;37;51;56;
1881;30/11/2016;03;10;30;44;53;56;
1882;03/12/2016;09;10;19;35;37;41;
1883;07/12/2016;16;27;28;47;59;60;
1884;10/12/2016;01;04;23;32;38;59;
1885;14/12/2016;07;14;18;23;32;59;
1886;17/12/2016;03;07;15;40;45;54;
1887;20/12/2016;11;23;34;41;46;56;
1888;22/12/2016;01;10;17;18;45;48;
1889;24/12/2016;16;23;25;28;30;44;
1890;31/12/2016;05;11;22;24;51;53;
1891;04/01/2017;01;03;19;23;47;58;
1892;07/01/2017;06;17;22;30;37;50;
1893;11/01/2017;16;17;19;28;45;58;
1894;14/01/2017;21;31;35;53;54;57;
1895;18/01/2017;02;03;05;10;15;34;
1896;21/01/2017;03;06;14;15;21;25;
1897;25/01/2017;09;22;25;47;52;58;
1898;28/01/2017;12;34;45;53;55;58;
1899;01/02/2017;20;23;35;36;44;48;
1900;04/02/2017;08;11;27;28;43;46;
1901;08/02/2017;11;12;26;30;37;53;
1902;11/02/2017;02;07;09;18;21;25;
1903;15/02/2017;09;10;15;28;43;45;
1904;18/02/2017;12;15;18;21;51;56;
1905;21/02/2017;29;35;43;54;56;57;
1906;23/02/2017;06;27;33;39;40;60;
1907;25/02/2017;03;25;35;38;44;48;
1908;01/03/2017;04;10;13;23;27;57;
1909;04/03/2017;11;40;43;45;47;57;
1910;08/03/2017;06;09;15;22;39;48;
1911;11/03/2017;16;18;23;30;32;33;
1912;15/03/2017;10;13;33;35;36;42;
1913;18/03/2017;04;14;17;43;52;56;
1914;22/03/2017;16;29;33;39;42;44;
1915;25/03/2017;02;20;21;33;48;57;
1916;29/03/2017;03;09;18;23;50;52;
1917;01/04/2017;04;21;25;33;36;46;
1918;05/04/2017;16;17;20;22;38;50;
1919;08/04/2017;11;28;37;45;54;60;
1920;12/04/2017;25;31;33;39;43;45;
1921;15/04/2017;10;15;16;19;28;35;
1922;19/04/2017;20;22;36;38;41;43;
1923;22/04/2017;09;34;42;45;46;59;
1924;26/04/2017;12;16;30;52;53;58;
1925;29/04/2017;01;17;38;43;45;47;
1926;03/05/2017;02;03;14;20;30;46;
1927;06/05/2017;05;11;13;19;30;31;
1928;09/05/2017;10;26;28;51;53;59;
1929;11/05/2017;03;10;23;36;43;52;
1930;13/05/2017;04;17;18;37;52;56;
1931;17/05/2017;02;08;09;15;22;34;
1932;20/05/2017;10;16;21;29;44;55;
1933;24/05/2017;02;14;15;19;35;59;
1934;27/05/2017;08;23;35;39;56;59;
1935;31/05/2017;01;03;10;17;23;24;
1936;03/06/2017;03;12;24;40;51;52;
1937;07/06/2017;06;10;24;29;43;55;
1938;10/06/2017;10;16;32;40;42;54;
1939;14/06/2017;07;24;29;39;45;52;
1940;17/06/2017;09;13;16;17;36;47;
1941;21/06/2017;01;09;24;38;48;49;
1942;24/06/2017;06;18;20;24;43;48;
1943;28/06/2017;09;11;12;30;39;43;
1944;01/07/2017;08;09;39;47;57;59;
1945;04/07/2017;04;08;10;21;45;54;
1946;06/07/2017;04;06;39;44;52;60;
1947;08/07/2017;08;33;40;52;55;59;
1948;12/07/2017;12;20;24;28;33;57;
1949;15/07/2017;01;06;14;22;30;56;
1950;19/07/2017;10;21;32;34;48;57;
1951;22/07/2017;14;16;19;21;33;55;
1952;26/07/2017;09;21;36;38;52;53;
1953;29/07/2017;09;26;29;42;43;45;
1954;02/08/2017;09;25;33;35;40;49;
1955;05/08/2017;15;27;33;36;41;45;
1956;08/08/2017;05;08;20;28;40;45;
1957;10/08/2017;02;14;22;23;29;47;
1958;12/08/2017;15;20;22;24;34;55;
1959;16/08/2017;08;21;27;35;43;56;
1960;19/08/2017;01;18;25;37;39;43;
1961;23/08/2017;17;25;26;30;32;50;
1962;26/08/2017;05;06;15;25;39;53;
1963;30/08/2017;04;05;07;34;42;60;
1964;02/09/2017;02;27;32;36;48;50;
1965;06/09/2017;26;28;35;38;48;55;
1966;09/09/2017;10;13;19;32;40;60;
1967;13/09/2017;13;30;32;39;46;54;
1968;16/09/2017;35;36;39;44;48;52;
1969;19/09/2017;08;20;30;32;48;59;
1970;21/09/2017;05;10;18;24;39;52;
1971;23/09/2017;04;10;41;44;52;54;
1972;27/09/2017;09;16;20;54;57;59;
1973;30/09/2017;01;12;16;17;52;60;
1974;04/10/2017;04;19;27;38;54;57;
1975;07/10/2017;08;11;24;26;47;57;
1976;11/10/2017;12;14;19;25;52;59;
1977;14/10/2017;03;16;28;32;34;37;
1978;17/10/2017;02;06;22;44;55;57;
1979;19/10/2017;22;23;29;32;38;45;
1980;21/10/2017;12;16;17;18;34;37;
1981;25/10/2017;06;15;19;37;39;53;
1982;28/10/2017;04;14;20;24;46;50;
1983;01/11/2017;05;06;10;14;22;36;
1984;04/11/2017;21;29;32;35;43;50;
1985;07/11/2017;09;28;29;34;36;55;
1986;09/11/2017;23;36;43;44;55;56;
1987;11/11/2017;10;14;31;34;45;58;
1988;16/11/2017;05;10;39;42;46;54;
1989;18/11/2017;15;22;30;32;40;58;
1990;22/11/2017;11;24;26;34;37;59;
1991;25/11/2017;19;20;28;34;36;44;
1992;29/11/2017;05;11;13;21;53;54;
1993;02/12/2017;06;17;33;48;50;57;
1994;06/12/2017;02;05;12;32;40;44;
1995;09/12/2017;14;26;29;35;37;39;
1996;13/12/2017;07;20;21;24;40;56;
1997;16/12/2017;01;07;14;31;35;46;
1998;19/12/2017;08;21;24;25;52;57;
1999;21/12/2017;15;37;38;42;49;50;
2000;31/12/2017;03;06;10;17;34;37;
2001;03/01/2018;20;22;36;42;52;60;
2002;06/01/2018;04;28;30;38;46;59;
2003;10/01/2018;28;34;40;43;50;51;
2004;13/01/2018;01;05;14;23;35;45;
2005;17/01/2018;11;19;22;33;34;53;
2006;20/01/2018;01;09;14;20;25;54;
2007;24/01/2018;04;14;39;41;54;58;
2008;27/01/2018;22;27;33;42;58;59;
2009;31/01/2018;01;37;44;46;48;50;
2010;03/02/2018;08;10;18;34;39;56;
2011;06/02/2018;02;28;32;35;54;58;
2012;08/02/2018;08;11;27;35;36;51;
2013;10/02/2018;06;23;30;36;53;56;
2014;14/02/2018;16;32;40;46;53;56;
2015;17/02/2018;17;18;27;32;39;58;
2016;21/02/2018;04;11;17;18;21;48;
2017;24/02/2018;02;10;11;24;38;56;
2018;28/02/2018;11;22;25;27;55;59;
2019;03/03/2018;23;41;46;52;54;59;
2020;07/03/2018;02;36;46;48;57;60;
2021;10/03/2018;07;14;32;37;40;60;
2022;14/03/2018;04;28;45;48;52;60;
2023;17/03/2018;01;06;07;08;23;56;
2024;21/03/2018;16;20;23;29;35;47;
2025;24/03/2018;04;24;46;52;55;56;
2026;28/03/2018;10;23;31;33;51;52;
2027;31/03/2018;11;15;29;37;39;44;
2028;04/04/2018;07;11;24;36;42;58;
2029;07/04/2018;06;15;18;33;37;40;
2030;11/04/2018;04;27;38;40;58;59;
2031;14/04/2018;18;23;37;39;50;55;
2032;17/04/2018;06;14;19;20;39;53;
2033;20/04/2018;10;18;33;38;40;43;
2034;25/04/2018;06;07;13;17;22;56;
2035;28/04/2018;30;35;36;38;49;52;
2036;02/05/2018;07;08;19;23;27;58;
2037;05/05/2018;14;16;23;30;45;60;
2038;08/05/2018;06;25;26;35;38;40;
2039;10/05/2018;06;12;22;28;31;44;
2040;12/05/2018;06;09;41;54;56;58;
2041;16/05/2018;10;12;22;25;42;54;
2042;19/05/2018;14;22;29;32;33;35;
2043;23/05/2018;21;38;53;56;57;58;
2044;26/05/2018;07;14;47;54;56;60;
2045;30/05/2018;15;25;27;45;46;50;
2046;02/06/2018;03;06;11;27;28;46;
2047;06/06/2018;01;18;19;29;44;54;
2048;09/06/2018;10;19;26;35;38;39;
2049;13/06/2018;10;19;27;31;51;53;
2050;16/06/2018;08;31;32;33;38;50;
2051;20/06/2018;01;05;06;37;44;53;
2052;23/06/2018;50;51;56;57;58;59;
2053;27/06/2018;12;22;27;37;40;55;
2054;30/06/2018;04;07;12;22;26;39;
2055;03/07/2018;06;25;35;43;46;53;
2056;05/07/2018;18;22;29;34;36;47;
2057;07/07/2018;10;13;20;37;38;54;
2058;11/07/2018;04;19;23;29;56;59;
2059;14/07/2018;04;05;36;40;44;56;
2060;18/07/2018;08;09;11;25;39;41;
2061;21/07/2018;33;36;40;44;45;54;
2062;25/07/2018;08;10;15;23;25;34;
2063;28/07/2018;06;10;19;24;25;29;
2064;01/08/2018;10;14;36;53;55;60;
2065;04/08/2018;04;11;20;30;37;43;
2066;08/08/2018;06;25;27;35;45;55;
2067;11/08/2018;02;11;13;26;32;59;
2068;14/08/2018;03;05;09;40;42;47;
2069;16/08/2018;03;17;34;35;40;48;
2070;18/08/2018;05;26;27;34;42;48;
2071;22/08/2018;24;33;34;35;46;60;
2072;25/08/2018;10;12;13;20;22;54;
2073;29/08/2018;12;15;18;30;52;55;
2074;01/09/2018;08;18;23;37;42;58;
2075;05/09/2018;07;09;23;33;57;59;
2076;08/09/2018;05;06;12;15;22;43;
2077;12/09/2018;13;16;26;35;37;39;
2078;15/09/2018;02;11;15;30;36;39;
2079;18/09/2018;01;02;14;37;55;58;
2080;20/09/2018;10;22;40;46;55;58;
2081;22/09/2018;13;18;35;40;41;42;
2082;26/09/2018;06;25;33;42;48;49;
2083;29/09/2018;01;18;19;33;56;60;
2084;03/10/2018;07;20;26;37;38;39;
2085;06/10/2018;12;21;25;37;38;49;
2086;10/10/2018;04;35;43;46;47;53;
2087;13/10/2018;02;18;19;23;34;53;
2088;17/10/2018;03;14;24;27;38;56;
2088;17/10/2018;03;14;24;27;38;56;
2090;23/10/2018;08;11;18;37;40;51;
2091;25/10/2018;10;11;12;37;38;59;
2092;27/10/2018;11;13;15;17;22;27;
2093;31/10/2018;08;14;27;34;52;54;
2094;03/11/2018;04;16;19;31;33;44;
2095;07/11/2018;16;29;35;43;49;56;
2096;10/11/2018;06;11;13;19;24;51;
2097;14/11/2018;09;24;28;45;49;51;
2098;17/11/2018;02;08;18;27;38;60;
2099;21/11/2018;05;15;20;27;30;58;
2100;24/11/2018;01;10;11;13;35;49;
2101;28/11/2018;02;08;18;37;56;58;
2102;01/12/2018;04;06;17;34;51;57;
2103;04/12/2018;03;13;40;44;46;50;
2104;06/12/2018;02;10;12;27;45;56;
2105;08/12/2018;11;13;16;24;31;46;
2106;12/12/2018;03;27;36;39;40;43;
2107;15/12/2018;08;38;44;50;56;60;
2108;18/12/2018;19;22;29;41;44;59;
2109;20/12/2018;04;12;16;34;44;49;
2110;31/12/2018;05;10;12;18;25;33;
2111;02/01/2019;01;41;44;46;54;58;
2112;05/01/2019;17;39;43;46;52;53;
2113;09/01/2019;11;14;21;25;46;50;
2114;12/01/2019;17;25;30;35;42;57;
2115;15/01/2019;04;19;27;35;40;44;
2116;17/01/2019;01;09;19;21;34;54;
2117;19/01/2019;04;28;29;30;43;52;
2118;23/01/2019;11;12;20;40;41;46;
2119;26/01/2019;19;21;26;31;42;49;
2120;30/01/2019;13;20;24;25;38;41;
2121;02/02/2019;08;10;17;29;37;40;
2122;06/02/2019;03;11;15;21;27;49;
2123;09/02/2019;14;15;47;50;56;59;
2124;13/02/2019;02;11;20;31;43;47;
2125;16/02/2019;01;31;44;46;53;58;
2126;20/02/2019;07;12;24;27;39;58;
2127;23/02/2019;01;07;28;30;44;46;
2128;26/02/2019;11;16;24;46;54;55;
2129;28/02/2019;06;12;31;32;46;60;
2130;02/03/2019;13;16;36;53;54;55;
2131;06/03/2019;02;03;06;18;20;28;
2132;09/03/2019;05;18;30;35;39;60;
2133;13/03/2019;19;20;26;51;52;57;
2134;16/03/2019;06;21;34;46;54;59;
2135;20/03/2019;09;23;28;40;48;59;
2136;23/03/2019;01;08;11;22;30;35;
2137;27/03/2019;01;02;11;12;34;49;
2138;30/03/2019;04;13;14;21;30;34;
2139;03/04/2019;14;23;29;41;57;58;
2140;06/04/2019;17;20;26;36;42;54;
2141;10/04/2019;10;11;17;19;37;41;
2142;13/04/2019;07;40;44;50;52;57;
2143;17/04/2019;02;12;35;51;57;58;
2144;20/04/2019;07;16;21;33;55;60;
2145;24/04/2019;06;08;28;51;53;59;
2146;27/04/2019;16;18;31;39;42;44;
2147;02/05/2019;17;19;37;41;42;49;
2148;04/05/2019;08;15;32;33;58;59;
2149;08/05/2019;21;23;37;44;46;48;
2150;11/05/2019;23;24;26;38;42;49;
2151;15/05/2019;02;14;18;29;36;38;
2152;18/05/2019;26;29;36;49;50;59;
2153;22/05/2019;08;13;28;31;32;33;
2154;25/05/2019;07;25;41;47;50;53;
2155;29/05/2019;02;06;27;37;44;47;
2156;01/06/2019;01;06;23;26;39;49;
2157;05/06/2019;31;33;34;35;39;48;
2158;08/06/2019;09;27;35;45;46;59;
2159;12/06/2019;14;26;35;38;45;53;
2160;15/06/2019;01;19;46;47;49;53;
2161;19/06/2019;08;09;10;24;42;44;
2162;22/06/2019;11;16;22;30;34;42;
2163;26/06/2019;08;18;20;24;36;45;
2164;29/06/2019;16;17;25;47;48;58;
2165;03/07/2019;05;37;43;49;54;56;
2166;06/07/2019;03;19;34;44;56;58;
2167;09/07/2019;27;37;38;43;45;54;
2168;11/07/2019;01;04;25;27;29;37;
2169;13/07/2019;07;34;45;51;54;59;
2170;17/07/2019;10;21;24;36;38;51;
2171;20/07/2019;12;13;19;36;44;55;
2172;24/07/2019;09;24;28;37;43;57;
2173;27/07/2019;02;09;42;44;48;50;
2174;31/07/2019;10;15;34;36;56;60;
2175;03/08/2019;07;25;32;43;53;55;
2176;06/08/2019;08;23;25;39;43;44;
2177;08/08/2019;09;11;14;31;48;51;
2178;10/08/2019;02;16;21;42;50;56;
2179;14/08/2019;02;13;24;35;50;54;
2180;17/08/2019;10;12;16;21;28;38;
2181;21/08/2019;01;08;19;33;36;48;
2182;24/08/2019;19;22;39;46;47;59;
2183;28/08/2019;13;26;30;34;43;51;
2184;31/08/2019;15;36;45;51;52;59;
2185;04/09/2019;09;18;19;22;42;47;
2186;09/09/2019;12;18;19;27;41;46;
2187;11/09/2019;10;11;16;21;46;50;
2188;14/09/2019;02;17;21;28;51;60;
2189;18/09/2019;04;11;16;22;29;33;
2190;21/09/2019;05;09;20;25;35;53;
2191;24/09/2019;04;08;26;33;46;53;
2192;26/09/2019;07;16;37;53;57;59;
2193;28/09/2019;07;08;22;27;29;42;
2193;28/09/2019;07;08;22;27;29;42;
2193;28/09/2019;07;08;22;27;29;42;
2196;09/10/2019;01;25;27;28;41;56;
2197;14/10/2019;03;11;29;35;44;57;
2198;16/10/2019;01;11;34;36;44;56;
2195;05/10/2019;14;24;32;38;46;53;
2200;22/10/2019;11;15;28;36;43;55;
2201;24/10/2019;03;13;23;41;49;53;
2202;26/10/2019;11;29;37;38;43;60;
2203;30/10/2019;17;34;46;49;50;57;
2204;04/11/2019;01;28;29;32;35;56;
2205;06/11/2019;12;21;28;37;42;57;
2206;09/11/2019;06;27;38;42;45;57;
2207;13/11/2019;06;10;11;43;53;55;
2208;16/11/2019;16;25;30;40;45;49;
2209;20/11/2019;22;25;28;32;33;47;
2210;23/11/2019;11;17;24;25;33;34;
2211;27/11/2019;27;36;40;41;44;54;
2212;30/11/2019;23;26;51;52;53;58;
2213;04/12/2019;05;07;10;32;46;60;
2214;07/12/2019;04;10;18;30;34;47;
2215;11/12/2019;01;19;21;23;33;43;
2216;14/12/2019;10;24;42;43;48;49;
2217;17/12/2019;10;14;16;30;32;36;
2218;19/12/2019;06;16;22;38;48;52;
2219;21/12/2019;08;28;36;45;57;59;
2220;31/12/2019;03;35;38;40;57;58;
2221;04/01/2020;05;23;34;45;56;57;
2222;08/01/2020;13;14;29;30;48;59;
2223;11/01/2020;02;26;40;42;49;56;
2224;15/01/2020;16;23;32;50;52;58;
2225;18/01/2020;01;32;37;44;46;47;
2226;21/01/2020;02;04;07;16;30;38;
2227;23/01/2020;06;09;12;27;32;57;
2228;25/01/2020;09;19;23;32;39;45;
2229;29/01/2020;06;11;29;40;41;58;
2230;01/02/2020;07;17;26;39;56;60;
2231;05/02/2020;04;13;25;40;53;57;
2232;08/02/2020;07;08;31;34;38;47;
2233;12/02/2020;04;06;32;35;41;45;
2234;15/02/2020;04;21;27;29;42;47;
2235;19/02/2020;14;18;30;35;55;57;
2236;22/02/2020;07;20;38;43;45;53;
2237;27/02/2020;11;20;27;28;53;60;
2238;29/02/2020;11;36;45;55;57;58;
2239;04/03/2020;07;27;31;39;45;46;
2240;07/03/2020;07;09;10;19;25;58;
2241;10/03/2020;01;13;18;26;40;56;
2242;12/03/2020;05;09;18;24;25;42;
2243;14/03/2020;14;18;28;35;38;54;
2244;18/03/2020;03;05;11;34;37;42;
2245;21/03/2020;11;14;15;18;33;34;
2246;25/03/2020;05;09;24;27;33;46;
2247;28/03/2020;01;42;44;47;48;53;
2248;01/04/2020;09;15;20;29;30;42;
2249;04/04/2020;04;09;31;47;49;53;
2250;08/04/2020;27;33;39;52;57;58;
2251;11/04/2020;05;15;22;26;54;58;
2252;15/04/2020;01;17;30;37;46;50;
2253;18/04/2020;31;32;33;39;52;55;
2254;22/04/2020;04;09;24;44;47;56;
2255;25/04/2020;15;20;39;41;49;57;
2256;29/04/2020;09;10;30;37;47;54;
2257;02/05/2020;18;21;30;31;34;51;
2258;05/05/2020;01;05;07;14;23;26;
2259;07/05/2020;20;27;41;54;56;58;
2260;09/05/2020;12;14;34;35;37;47;
2261;13/05/2020;07;23;26;27;29;51;
2262;16/05/2020;07;08;14;23;30;46;
2263;20/05/2020;09;24;33;43;49;57;
2264;23/05/2020;02;03;08;19;29;37;
2265;27/05/2020;14;20;23;39;46;50;
2266;30/05/2020;10;23;31;37;58;59;
2267;03/06/2020;20;32;33;48;49;53;
2268;06/06/2020;04;13;23;28;30;52;
2269;10/06/2020;01;11;14;23;29;55;
2270;13/06/2020;14;16;38;39;41;48;
2271;17/06/2020;06;10;27;28;41;52;
2272;20/06/2020;02;05;11;24;41;49;
2273;24/06/2020;15;16;20;38;40;58;
2274;27/06/2020;08;11;17;33;40;55;
2275;01/07/2020;02;04;25;36;50;53;
2276;04/07/2020;05;15;18;27;49;57;
2277;08/07/2020;10;22;23;37;53;60;
2278;11/07/2020;08;17;34;37;43;45;
2279;14/07/2020;05;12;14;20;27;28;
2280;16/07/2020;28;29;31;50;58;59;
2281;18/07/2020;14;27;35;40;50;55;
2282;22/07/2020;12;27;30;36;45;52;
2283;25/07/2020;04;24;37;43;59;60;
2284;29/07/2020;04;10;12;14;36;46;
2285;01/08/2020;01;07;10;12;33;42;
2286;05/08/2020;09;21;30;41;42;43;
2287;08/08/2020;02;04;06;29;41;56;
2288;11/08/2020;02;26;35;39;40;56;
2289;13/08/2020;06;09;34;37;38;45;
2290;15/08/2020;05;18;36;44;57;60;
2291;19/08/2020;12;26;31;36;37;49;
2292;22/08/2020;06;16;18;33;42;57;
2293;26/08/2020;01;02;10;37;42;48;
2294;29/08/2020;09;15;20;33;41;43;
2295;02/09/2020;06;13;26;28;35;41;
2296;05/09/2020;01;06;21;29;36;59;
2297;09/09/2020;20;22;35;40;41;59;
2298;12/09/2020;13;17;21;31;41;49;
2299;15/09/2020;02;03;19;40;44;60;
2300;17/09/2020;09;21;37;39;43;54;
2301;19/09/2020;17;18;35;36;47;52;
2302;23/09/2020;18;22;25;27;43;44;
2303;26/09/2020;03;07;17;20;48;50;
2304;30/09/2020;12;21;29;54;56;57;
2305;03/10/2020;07;16;22;38;55;57;
2306;07/10/2020;03;19;28;33;57;58;
2307;10/10/2020;16;33;38;46;53;55;
2308;14/10/2020;09;13;26;38;58;60;
2309;17/10/2020;09;11;29;30;33;60;
2310;20/10/2020;13;17;28;29;42;53;
2311;22/10/2020;03;05;09;35;43;60;
2312;24/10/2020;03;27;39;46;47;60;
2313;28/10/2020;03;20;26;45;49;58;
2314;31/10/2020;06;07;28;42;45;49;
2315;04/11/2020;01;10;17;26;30;53;
2316;07/11/2020;02;11;43;49;52;56;
2317;11/11/2020;03;08;30;33;35;48;
2318;14/11/2020;28;44;52;54;58;60;
2319;18/11/2020;06;17;25;35;40;49;
2320;21/11/2020;06;30;35;39;42;48;
2321;25/11/2020;14;25;28;41;43;46;
2322;28/11/2020;02;05;10;29;34;41;
2323;02/12/2020;20;27;35;39;50;59;
2324;05/12/2020;02;16;19;31;43;60;
2325;08/12/2020;33;34;37;46;52;60;
2326;10/12/2020;10;16;27;34;36;57;
2327;12/12/2020;30;37;45;54;57;58;
2328;16/12/2020;08;11;14;39;48;53;
2329;19/12/2020;12;14;28;42;45;55;
2330;31/12/2020;17;20;22;35;41;42;
2331;02/01/2021;11;13;16;36;53;57;
2332;06/01/2021;12;33;35;36;44;52;
2333;09/01/2021;09;16;31;41;53;55;
2334;13/01/2021;04;13;20;22;25;60;
2335;16/01/2021;09;18;23;42;47;49;
2336;20/01/2021;08;10;20;27;28;50;
2337;23/01/2021;02;09;34;49;51;55;
2338;26/01/2021;08;21;23;34;42;47;
2339;28/01/2021;04;18;29;47;48;59;
2340;30/01/2021;16;21;28;41;49;51;
2341;03/02/2021;04;09;31;32;42;46;
2342;06/02/2021;17;20;24;27;40;60;
2343;10/02/2021;04;31;42;45;49;56;
2344;13/02/2021;11;17;25;38;52;57;
2345;17/02/2021;07;16;19;22;28;55;
2346;20/02/2021;03;04;11;40;42;58;
2347;24/02/2021;08;09;17;30;58;60;
2348;27/02/2021;02;03;07;48;51;54;
2349;03/03/2021;05;10;25;32;49;54;
2350;06/03/2021;25;28;29;34;41;45;
2351;10/03/2021;19;22;35;41;47;49;
2352;13/03/2021;09;17;38;41;49;55;
2353;17/03/2021;03;19;34;41;48;53;
2354;20/03/2021;06;18;25;30;42;54;
2355;24/03/2021;07;30;31;41;50;56;
2356;27/03/2021;03;10;25;36;51;58;
2357;31/03/2021;19;28;30;34;40;51;
2358;03/04/2021;05;09;11;16;43;57;
2359;06/04/2021;31;32;39;42;43;51;
2360;08/04/2021;10;15;21;24;29;45;
2361;10/04/2021;14;21;22;29;35;46;
2362;14/04/2021;03;20;22;32;35;50;
2363;17/04/2021;06;14;24;34;39;58;
2364;22/04/2021;20;33;42;44;51;56;
2365;24/04/2021;01;17;28;37;44;50;
2366;28/04/2021;04;27;33;35;38;41;
2367;30/04/2021;05;23;29;34;53;60;
2368;04/05/2021;04;07;13;25;36;58;
2369;06/05/2021;04;09;17;19;37;60;
2370;08/05/2021;07;31;37;42;44;56;
2371;12/05/2021;04;15;30;36;39;48;
2372;15/05/2021;03;19;25;44;46;57;
2373;19/05/2021;23;24;26;44;49;60;
2374;22/05/2021;12;13;25;37;39;41;
2375;26/05/2021;02;06;44;46;53;58;
2376;29/05/2021;12;14;17;18;19;22;
2377;02/06/2021;05;18;29;35;43;44;
2378;05/06/2021;11;37;38;41;49;54;
2379;09/06/2021;02;08;26;32;46;56;
2380;12/06/2021;11;16;20;24;39;53;
2381;16/06/2021;07;23;32;41;42;47;
2382;19/06/2021;06;09;19;38;53;55;
2383;23/06/2021;13;15;16;20;40;41;
2384;26/06/2021;09;13;22;25;26;31;
2385;29/06/2021;12;24;32;37;43;60;
2386;01/07/2021;11;13;16;35;49;50;
2387;03/07/2021;08;26;30;31;38;48;
2388;07/07/2021;08;30;33;37;45;48;
2389;10/07/2021;16;30;37;39;40;51;
2390;14/07/2021;09;13;20;22;32;56;
2391;17/07/2021;05;08;13;27;36;50;
2392;21/07/2021;11;15;23;25;34;53;
2393;24/07/2021;26;27;28;32;38;51;
2394;28/07/2021;05;16;25;36;42;44;
2395;31/07/2021;04;11;12;44;45;57;
2396;04/08/2021;02;03;25;39;42;49;
2397;07/08/2021;06;14;20;39;46;48;
2398;10/08/2021;08;17;30;36;54;59;
2399;12/08/2021;27;35;42;44;51;52;
2400;14/08/2021;09;21;25;26;36;53;
2401;18/08/2021;08;11;13;33;38;48;
2402;21/08/2021;06;22;25;29;30;60;
2403;25/08/2021;10;12;14;32;33;34;
2404;28/08/2021;01;19;35;40;47;54;
2405;01/09/2021;21;38;48;49;53;59;
2406;04/09/2021;08;12;29;43;54;60;
2407;08/09/2021;13;17;31;43;54;55;
2408;11/09/2021;04;29;30;38;43;57;
2409;15/09/2021;02;29;39;49;52;58;
2410;18/09/2021;07;10;27;35;43;59;
2411;22/09/2021;07;26;29;34;43;44;
2412;25/09/2021;09;16;34;36;49;60;
2413;28/09/2021;03;22;37;40;41;48;
2414;30/09/2021;04;05;06;14;29;38;
2415;02/10/2021;10;12;26;29;35;60;
2416;06/10/2021;06;07;11;26;37;57;
2417;09/10/2021;03;07;10;11;27;46;
2418;13/10/2021;02;11;19;27;57;60;
2419;16/10/2021;10;35;43;48;50;53;
2420;19/10/2021;05;08;29;39;44;60;
2421;21/10/2021;02;03;32;35;48;57;
2422;23/10/2021;02;07;10;20;30;46;
2423;27/10/2021;16;18;38;48;51;60;
2424;30/10/2021;03;16;17;37;38;53;
2425;03/11/2021;10;31;38;46;49;54;
2426;06/11/2021;05;11;24;27;32;57;
2427;10/11/2021;03;19;25;37;44;56;
2428;13/11/2021;03;09;25;28;29;39;
2429;17/11/2021;11;37;53;55;56;60;
2430;20/11/2021;19;26;39;45;46;56;
2431;24/11/2021;08;11;22;25;26;36;
2432;27/11/2021;07;29;38;40;44;52;
2433;01/12/2021;08;09;32;52;53;57;
2434;04/12/2021;01;02;14;28;40;51;
2435;07/12/2021;05;22;30;32;33;36;
2436;09/12/2021;05;15;28;32;38;54;
2437;11/12/2021;01;19;41;46;48;55;
2438;15/12/2021;04;11;19;25;37;55;
2439;18/12/2021;02;08;34;38;47;51;
2440;31/12/2021;12;15;23;32;33;46;
2441;05/01/2022;09;41;42;46;47;54;
2442;08/01/2022;02;07;09;25;41;49;
2443;12/01/2022;01;05;12;13;17;31;
2444;15/01/2022;15;17;20;35;37;43;
2445;19/01/2022;11;25;32;37;47;56;
2446;22/01/2022;01;13;27;41;51;58;
2447;25/01/2022;13;19;29;42;49;52;
2448;27/01/2022;18;30;32;35;40;48;
2449;29/01/2022;14;20;21;31;49;52;
2450;02/02/2022;02;06;11;15;17;39;
2451;05/02/2022;13;26;31;46;51;60;
2452;09/02/2022;08;10;51;56;57;58;
2453;12/02/2022;10;14;15;24;34;44;
2454;16/02/2022;09;14;22;24;44;47;
2455;19/02/2022;21;38;50;53;56;59;
2456;22/02/2022;28;34;40;41;52;55;
2457;24/02/2022;10;19;46;47;49;50;
2458;26/02/2022;15;40;44;45;47;51;
2459;03/03/2022;15;24;33;49;53;59;
2460;05/03/2022;16;17;18;28;35;47;
2461;09/03/2022;08;11;16;21;32;37;
2462;12/03/2022;03;16;23;41;45;57;
2463;16/03/2022;11;16;31;37;42;51;
2464;19/03/2022;02;07;24;43;52;56;
2465;23/03/2022;03;08;23;29;53;54;
2466;26/03/2022;02;03;13;20;53;54;
2467;30/03/2022;01;10;19;34;35;45;
2468;02/04/2022;22;35;41;42;53;57;
2469;06/04/2022;05;28;30;38;52;55;
2470;09/04/2022;08;33;40;42;48;51;
2471;13/04/2022;08;23;29;30;36;55;
2472;16/04/2022;05;13;18;23;35;36;
2473;20/04/2022;15;18;28;42;55;60;
2474;23/04/2022;22;30;38;39;49;56;
2475;26/04/2022;01;40;44;45;58;60;
2476;28/04/2022;02;07;32;46;49;55;
2477;30/04/2022;20;33;37;38;49;50;
2478;04/05/2022;02;17;23;28;39;46;
2479;07/05/2022;10;15;17;20;21;35;
2480;11/05/2022;04;06;09;31;50;56;
2481;14/05/2022;01;08;21;27;36;37;
2482;18/05/2022;01;32;35;44;45;57;
2483;21/05/2022;20;34;38;40;49;54;
2484;25/05/2022;11;14;36;41;54;59;
2485;28/05/2022;05;12;32;38;47;60;
2486;31/05/2022;08;09;17;19;33;56;
2487;02/06/2022;23;36;42;48;54;58;
2488;04/06/2022;17;31;34;40;56;57;
2489;08/06/2022;03;10;13;25;41;42;
2490;11/06/2022;11;16;17;41;46;59;
2491;15/06/2022;22;29;38;43;48;53;
2492;18/06/2022;10;30;31;33;42;52;
2493;22/06/2022;04;09;37;43;44;56;
2494;25/06/2022;01;04;10;22;53;54;
2495;28/06/2022;08;12;14;30;33;41;
2496;30/06/2022;07;26;31;38;46;58;
2497;02/07/2022;05;14;23;46;48;52;
2498;06/07/2022;09;12;26;29;46;47;
2499;09/07/2022;11;19;38;47;56;59;
2500;13/07/2022;05;16;25;32;39;55;
2501;16/07/2022;11;27;32;40;58;59;
2502;20/07/2022;16;20;21;39;44;55;
2503;23/07/2022;03;14;16;38;43;45;
2504;27/07/2022;14;33;41;42;44;55;
2505;30/07/2022;03;05;19;26;43;51;
2506;02/08/2022;21;22;29;34;40;44;
2507;04/08/2022;04;06;12;34;35;53;
2508;06/08/2022;41;45;48;51;53;58;
2509;10/08/2022;08;37;39;50;59;60;
2510;13/08/2022;08;13;25;32;44;57;
2511;17/08/2022;04;10;15;39;41;49;
2512;20/08/2022;07;10;34;47;49;52;
2513;24/08/2022;13;19;21;35;46;50;
2514;27/08/2022;05;15;24;34;45;52;
2515;31/08/2022;03;12;19;41;45;54;
2516;03/09/2022;08;17;49;51;52;53;
2517;08/09/2022;01;05;06;16;22;39;
2518;10/09/2022;03;22;23;44;53;60;
2519;13/09/2022;03;08;20;36;38;57;
2520;15/09/2022;02;17;22;41;58;60;
2521;17/09/2022;23;28;33;38;55;59;
2522;21/09/2022;04;05;25;32;39;40;
2523;24/09/2022;01;10;27;36;37;45;
2524;28/09/2022;03;20;22;37;41;43;
2525;01/10/2022;04;13;21;26;47;51;
2526;05/10/2022;02;16;24;38;43;59;
2527;08/10/2022;08;19;29;38;48;56;
2528;13/10/2022;04;15;22;53;56;60;
2529;15/10/2022;03;05;32;56;57;59;
2530;18/10/2022;14;17;18;28;30;44;
2531;20/10/2022;01;05;18;49;55;56;
2532;22/10/2022;10;14;17;18;23;30;
2533;26/10/2022;17;18;20;37;45;53;
2534;29/10/2022;28;36;39;44;56;60;
2535;03/11/2022;01;03;24;37;51;56;
2536;05/11/2022;09;22;27;30;33;45;
2537;09/11/2022;12;24;26;31;37;48;
2538;12/11/2022;06;15;19;20;33;52;
2539;16/11/2022;01;23;32;33;36;59;
2540;19/11/2022;02;08;28;34;41;49;
2541;22/11/2022;10;28;45;47;57;59;
2542;24/11/2022;12;20;22;25;26;55;
2543;26/11/2022;02;05;27;30;46;53;
2544;30/11/2022;25;38;45;53;55;56;
2545;03/12/2022;20;23;32;36;39;57;
2546;07/12/2022;03;23;28;34;38;48;
2547;10/12/2022;10;25;31;37;38;57;
2548;14/12/2022;09;15;23;25;29;30;
2549;17/12/2022;01;06;10;30;33;35;
2550;31/12/2022;04;05;10;34;58;59;
2551;04/01/2023;01;25;29;43;46;48;
2552;07/01/2023;05;24;25;33;38;41;
2553;10/01/2023;13;15;53;54;55;58;
2554;12/01/2023;19;25;43;44;48;49;
2555;14/01/2023;03;20;45;52;53;58;
2556;18/01/2023;02;06;10;14;34;56;
2557;21/01/2023;03;13;16;25;27;33;
2558;25/01/2023;02;10;18;25;34;44;
2559;28/01/2023;09;12;20;30;32;35;
2560;01/02/2023;04;05;17;20;48;52;
2561;04/02/2023;19;22;37;44;51;56;
2562;08/02/2023;06;12;32;44;51;57;
2563;11/02/2023;05;09;14;30;38;50;
2564;14/02/2023;07;08;14;19;32;45;
2565;16/02/2023;09;13;25;39;46;54;
2566;18/02/2023;11;23;45;53;57;59;
